moon,ingress_jd,ingress_cal,egress_jd,egress_cal,duration_min,mid_jd,earth_moon_au,light_travel_min,ingress_prec_s,egress_prec_s
ganymede,2457389.064246387,A.D. 2016-01-01 13:32:30.89 TDB,2457389.206877024,A.D. 2016-01-01 16:57:54.17 TDB,205.3881,2457389.135561706,5.04715001,41.975867,0.0086,0.0086
ganymede,2457396.229903598,A.D. 2016-01-08 17:31:03.67 TDB,2457396.372153109,A.D. 2016-01-08 20:55:54.03 TDB,204.8393,2457396.301028353,4.94033580,41.087520,0.0086,0.0086
ganymede,2457403.395778758,A.D. 2016-01-15 21:29:55.28 TDB,2457403.537672401,A.D. 2016-01-16 00:54:14.90 TDB,204.3268,2457403.466725580,4.83957244,40.249497,0.0086,0.0086
ganymede,2457410.561807347,A.D. 2016-01-23 01:29:00.15 TDB,2457410.703301783,A.D. 2016-01-23 04:52:45.27 TDB,203.7520,2457410.632554565,4.74673687,39.477407,0.0086,0.0086
ganymede,2457417.727831371,A.D. 2016-01-30 05:28:04.63 TDB,2457417.868895113,A.D. 2016-01-30 08:51:12.54 TDB,203.1318,2457417.798363241,4.66351571,38.785278,0.0086,0.0086
ganymede,2457424.893642496,A.D. 2016-02-06 09:26:50.71 TDB,2457425.034290423,A.D. 2016-02-06 12:49:22.69 TDB,202.5330,2457424.963966460,4.59156061,38.186845,0.0086,0.0086
ganymede,2457432.059131582,A.D. 2016-02-13 13:25:08.97 TDB,2457432.199325885,A.D. 2016-02-13 16:47:01.76 TDB,201.8798,2457432.129228733,4.53248268,37.695509,0.0086,0.0086
ganymede,2457439.224569938,A.D. 2016-02-20 17:23:22.84 TDB,2457439.364357102,A.D. 2016-02-20 20:44:40.45 TDB,201.2935,2457439.294463520,4.48758390,37.322097,0.0086,0.0086
ganymede,2457446.390318975,A.D. 2016-02-27 21:22:03.56 TDB,2457446.529666279,A.D. 2016-02-28 00:42:43.17 TDB,200.6601,2457446.459992628,4.45775772,37.074040,0.0086,0.0086
ganymede,2457453.556282572,A.D. 2016-03-06 01:21:02.81 TDB,2457453.695214641,A.D. 2016-03-06 04:41:06.55 TDB,200.0622,2457453.625748606,4.44365277,36.956733,0.0086,0.0086
ganymede,2457460.722368415,A.D. 2016-03-13 05:20:12.63 TDB,2457460.860844153,A.D. 2016-03-13 08:39:36.93 TDB,199.4051,2457460.791606284,4.44563896,36.973252,0.0086,0.0086
ganymede,2457467.888418747,A.D. 2016-03-20 09:19:19.38 TDB,2457468.026406334,A.D. 2016-03-20 12:38:01.51 TDB,198.7021,2457467.957412541,4.46357650,37.122434,0.0086,0.0086
ganymede,2457475.054245507,A.D. 2016-03-27 13:18:06.81 TDB,2457475.191762112,A.D. 2016-03-27 16:36:08.25 TDB,198.0239,2457475.123003810,4.49686784,37.399309,0.0086,0.0086
ganymede,2457482.219750090,A.D. 2016-04-03 17:16:26.41 TDB,2457482.356757788,A.D. 2016-04-03 20:33:43.87 TDB,197.2911,2457482.288253939,4.54470349,37.797146,0.0086,0.0086
ganymede,2457489.385205280,A.D. 2016-04-10 21:14:41.74 TDB,2457489.521751355,A.D. 2016-04-11 00:31:19.32 TDB,196.6263,2457489.453478318,4.60603398,38.307216,0.0086,0.0086
ganymede,2457496.550978393,A.D. 2016-04-18 01:13:24.53 TDB,2457496.687027602,A.D. 2016-04-18 04:29:19.18 TDB,195.9109,2457496.619002998,4.67944169,38.917730,0.0086,0.0086
ganymede,2457503.716957555,A.D. 2016-04-25 05:12:25.13 TDB,2457503.852534929,A.D. 2016-04-25 08:27:39.02 TDB,195.2314,2457503.784746242,4.76331426,39.615277,0.0086,0.0086
ganymede,2457510.883022931,A.D. 2016-05-02 09:11:33.18 TDB,2457511.018091599,A.D. 2016-05-02 12:26:03.11 TDB,194.4989,2457510.950557265,4.85607833,40.386772,0.0086,0.0086
ganymede,2457518.049019182,A.D. 2016-05-09 13:10:35.26 TDB,2457518.183549367,A.D. 2016-05-09 16:24:18.67 TDB,193.7235,2457518.116284274,4.95612667,41.218849,0.0086,0.0086
ganymede,2457525.214780421,A.D. 2016-05-16 17:09:17.03 TDB,2457525.348793727,A.D. 2016-05-16 20:22:15.78 TDB,192.9792,2457525.281787074,5.06169684,42.096849,0.0086,0.0086
ganymede,2457532.380221662,A.D. 2016-05-23 21:07:31.15 TDB,2457532.513681227,A.D. 2016-05-24 00:19:42.06 TDB,192.1818,2457532.446951444,5.17110406,43.006761,0.0086,0.0086
ganymede,2457539.545618980,A.D. 2016-05-31 01:05:41.48 TDB,2457539.678573571,A.D. 2016-05-31 04:17:08.76 TDB,191.4546,2457539.612096275,5.28285568,43.936171,0.0086,0.0086
ganymede,2457546.711346145,A.D. 2016-06-07 05:04:20.31 TDB,2457546.843758277,A.D. 2016-06-07 08:15:00.72 TDB,190.6735,2457546.777552211,5.39552303,44.873197,0.0086,0.0086
ganymede,2457553.877276905,A.D. 2016-06-14 09:03:16.72 TDB,2457554.009171935,A.D. 2016-06-14 12:13:12.46 TDB,189.9288,2457553.943224420,5.50760771,45.805377,0.0086,0.0086
ganymede,2457561.043265030,A.D. 2016-06-21 13:02:18.10 TDB,2457561.174610105,A.D. 2016-06-21 16:11:26.31 TDB,189.1369,2457561.108937568,5.61778656,46.721706,0.0086,0.0086
ganymede,2457568.209157668,A.D. 2016-06-28 17:01:11.22 TDB,2457568.339924491,A.D. 2016-06-28 20:09:29.48 TDB,188.3042,2457568.274541079,5.72494696,47.612932,0.0086,0.0086
ganymede,2457575.374808639,A.D. 2016-07-05 20:59:43.47 TDB,2457575.505022354,A.D. 2016-07-06 00:07:13.93 TDB,187.5077,2457575.439915497,5.82801188,48.470097,0.0086,0.0086
ganymede,2457582.540147015,A.D. 2016-07-13 00:57:48.70 TDB,2457582.669770736,A.D. 2016-07-13 04:04:28.19 TDB,186.6582,2457582.604958876,5.92587760,49.284021,0.0086,0.0086
ganymede,2457589.705450473,A.D. 2016-07-20 04:55:50.92 TDB,2457589.834534279,A.D. 2016-07-20 08:01:43.76 TDB,185.8807,2457589.769992376,6.01762813,50.047087,0.0086,0.0086
ganymede,2457596.871097344,A.D. 2016-07-27 08:54:22.81 TDB,2457596.999601938,A.D. 2016-07-27 11:59:25.61 TDB,185.0466,2457596.935349641,6.10253539,50.753239,0.0086,0.0086
ganymede,2457604.036949349,A.D. 2016-08-03 12:53:12.42 TDB,2457604.164900629,A.D. 2016-08-03 15:57:27.41 TDB,184.2498,2457604.100924989,6.17984870,51.396234,0.0086,0.0086
ganymede,2457611.202837414,A.D. 2016-08-10 16:52:05.15 TDB,2457611.330206606,A.D. 2016-08-10 19:55:29.85 TDB,183.4116,2457611.266522010,6.24880226,51.969704,0.0086,0.0086
ganymede,2457618.368611364,A.D. 2016-08-17 20:50:48.02 TDB,2457618.495371422,A.D. 2016-08-17 23:53:20.09 TDB,182.5345,2457618.431991393,6.30882160,52.468869,0.0086,0.0086
ganymede,2457625.534142815,A.D. 2016-08-25 00:49:09.94 TDB,2457625.660322022,A.D. 2016-08-25 03:50:51.82 TDB,181.6981,2457625.597232419,6.35948307,52.890208,0.0086,0.0086
ganymede,2457632.699376781,A.D. 2016-09-01 04:47:06.15 TDB,2457632.824937277,A.D. 2016-09-01 07:47:54.58 TDB,180.8071,2457632.762157029,6.40032686,53.229895,0.0086,0.0086
ganymede,2457639.864589727,A.D. 2016-09-08 08:45:00.55 TDB,2457639.989582420,A.D. 2016-09-08 11:44:59.92 TDB,179.9895,2457639.927086074,6.43089436,53.484117,0.0086,0.0086
ganymede,2457647.030161686,A.D. 2016-09-15 12:43:25.97 TDB,2457647.154545296,A.D. 2016-09-15 15:42:32.71 TDB,179.1124,2457647.092353491,6.45092900,53.650741,0.0086,0.0086
ganymede,2457654.195943684,A.D. 2016-09-22 16:42:09.53 TDB,2457654.319744607,A.D. 2016-09-22 19:40:25.93 TDB,178.2733,2457654.257844145,6.46029722,53.728654,0.0086,0.0086
ganymede,2457661.361747456,A.D. 2016-09-29 20:40:54.98 TDB,2457661.484941349,A.D. 2016-09-29 23:38:18.93 TDB,177.3992,2457661.423344403,6.45881495,53.716326,0.0086,0.0086
ganymede,2457668.527425356,A.D. 2016-10-07 00:39:29.55 TDB,2457668.649986723,A.D. 2016-10-07 03:35:58.85 TDB,176.4884,2457668.588706040,6.44634663,53.612630,0.0086,0.0086
ganymede,2457675.692866697,A.D. 2016-10-14 04:37:43.68 TDB,2457675.814827092,A.D. 2016-10-14 07:33:21.06 TDB,175.6230,2457675.753846894,6.42296637,53.418182,0.0086,0.0086
ganymede,2457682.858034585,A.D. 2016-10-21 08:35:34.19 TDB,2457682.979354558,A.D. 2016-10-21 11:30:16.23 TDB,174.7008,2457682.918694572,6.38887798,53.134678,0.0086,0.0086
ganymede,2457690.023201029,A.D. 2016-10-28 12:33:24.57 TDB,2457690.143932115,A.D. 2016-10-28 15:27:15.73 TDB,173.8528,2457690.083566572,6.34422333,52.763296,0.0086,0.0086
ganymede,2457697.188745254,A.D. 2016-11-04 16:31:47.59 TDB,2457697.308844213,A.D. 2016-11-04 19:24:44.14 TDB,172.9425,2457697.248794734,6.28924692,52.306072,0.0086,0.0086
ganymede,2457704.354507445,A.D. 2016-11-11 20:30:29.44 TDB,2457704.474001188,A.D. 2016-11-11 23:22:33.70 TDB,172.0710,2457704.414254317,6.22441736,51.766901,0.0086,0.0086
ganymede,2457711.520282254,A.D. 2016-11-19 00:29:12.39 TDB,2457711.639151041,A.D. 2016-11-19 03:20:22.65 TDB,171.1711,2457711.579716648,6.15032924,51.150729,0.0086,0.0086
ganymede,2457718.685923702,A.D. 2016-11-26 04:27:43.81 TDB,2457718.804143533,A.D. 2016-11-26 07:17:58.00 TDB,170.2366,2457718.745033617,6.06753792,50.462174,0.0086,0.0086
ganymede,2457725.851338940,A.D. 2016-12-03 08:25:55.68 TDB,2457725.968944584,A.D. 2016-12-03 11:15:16.81 TDB,169.3521,2457725.910141762,5.97674609,49.707082,0.0086,0.0086
ganymede,2457733.016509441,A.D. 2016-12-10 12:23:46.42 TDB,2457733.133459416,A.D. 2016-12-10 15:12:10.89 TDB,168.4080,2457733.074984428,5.87890193,48.893336,0.0086,0.0086
ganymede,2457740.181699897,A.D. 2016-12-17 16:21:38.87 TDB,2457740.298046913,A.D. 2016-12-17 19:09:11.25 TDB,167.5397,2457740.239873405,5.77504903,48.029618,0.0086,0.0086
ganymede,2457747.347286372,A.D. 2016-12-24 20:20:05.54 TDB,2457747.462986088,A.D. 2016-12-24 23:06:42.00 TDB,166.6076,2457747.405136230,5.66620944,47.124427,0.0086,0.0086
ganymede,2457754.513098281,A.D. 2017-01-01 00:18:51.69 TDB,2457754.628178553,A.D. 2017-01-01 03:04:34.63 TDB,165.7156,2457754.570638417,5.55359185,46.187815,0.0086,0.0086
ganymede,2457761.678914946,A.D. 2017-01-08 04:17:38.25 TDB,2457761.793360878,A.D. 2017-01-08 07:02:26.38 TDB,164.8021,2457761.736137912,5.43864554,45.231836,0.0086,0.0086
ganymede,2457768.844591149,A.D. 2017-01-15 08:16:12.68 TDB,2457768.958380227,A.D. 2017-01-15 11:00:04.05 TDB,163.8563,2457768.901485688,5.32288406,44.269077,0.0086,0.0086
ganymede,2457776.010052128,A.D. 2017-01-22 12:14:28.50 TDB,2457776.123222303,A.D. 2017-01-22 14:57:26.41 TDB,162.9651,2457776.066637216,5.20778563,43.311832,0.0086,0.0086
ganymede,2457783.175297166,A.D. 2017-01-29 16:12:25.68 TDB,2457783.287804241,A.D. 2017-01-29 18:54:26.29 TDB,162.0102,2457783.231550703,5.09501126,42.373917,0.0086,0.0086
ganymede,2457790.340580406,A.D. 2017-02-05 20:10:26.15 TDB,2457790.452478219,A.D. 2017-02-05 22:51:34.12 TDB,161.1329,2457790.396529313,4.98638070,41.470464,0.0086,0.0086
ganymede,2457797.506270587,A.D. 2017-02-13 00:09:01.78 TDB,2457797.617514079,A.D. 2017-02-13 02:49:13.22 TDB,160.1906,2457797.561892333,4.88367117,40.616255,0.0086,0.0086
ganymede,2457804.672186686,A.D. 2017-02-20 04:07:56.93 TDB,2457804.782805093,A.D. 2017-02-20 06:47:14.36 TDB,159.2905,2457804.727495889,4.78855571,39.825203,0.0086,0.0086
ganymede,2457811.838093568,A.D. 2017-02-27 08:06:51.28 TDB,2457811.948077389,A.D. 2017-02-27 10:45:13.89 TDB,158.3767,2457811.893085479,4.70278457,39.111867,0.0086,0.0086
ganymede,2457819.003846365,A.D. 2017-03-06 12:05:32.33 TDB,2457819.113174876,A.D. 2017-03-06 14:42:58.31 TDB,157.4331,2457819.058510620,4.62809037,38.490654,0.0086,0.0086
ganymede,2457826.169390700,A.D. 2017-03-13 16:03:55.36 TDB,2457826.278105339,A.D. 2017-03-13 18:40:28.30 TDB,156.5491,2457826.223748019,4.56592179,37.973614,0.0086,0.0086
ganymede,2457833.334744663,A.D. 2017-03-20 20:02:01.94 TDB,2457833.442798073,A.D. 2017-03-20 22:37:37.75 TDB,155.5969,2457833.388771368,4.51745408,37.570520,0.0086,0.0086
ganymede,2457840.500148693,A.D. 2017-03-28 00:00:12.85 TDB,2457840.607595888,A.D. 2017-03-28 02:34:56.28 TDB,154.7240,2457840.553872291,4.48371611,37.289930,0.0086,0.0086
ganymede,2457847.665960363,A.D. 2017-04-04 03:58:58.98 TDB,2457847.772756124,A.D. 2017-04-04 06:32:46.13 TDB,153.7859,2457847.719358244,4.46546842,37.138168,0.0086,0.0086
ganymede,2457854.831989747,A.D. 2017-04-11 07:58:03.91 TDB,2457854.938165063,A.D. 2017-04-11 10:30:57.46 TDB,152.8925,2457854.885077405,4.46296036,37.117310,0.0086,0.0086
ganymede,2457861.997986288,A.D. 2017-04-18 11:57:06.02 TDB,2457862.103537318,A.D. 2017-04-18 14:29:05.62 TDB,151.9935,2457862.050761803,4.47607350,37.226368,0.0086,0.0086
ganymede,2457869.163805280,A.D. 2017-04-25 15:55:52.78 TDB,2457869.268713108,A.D. 2017-04-25 18:26:56.81 TDB,151.0673,2457869.216259194,4.50446437,37.462488,0.0086,0.0086
ganymede,2457876.329415851,A.D. 2017-05-02 19:54:21.53 TDB,2457876.433725696,A.D. 2017-05-02 22:24:33.90 TDB,150.2062,2457876.381570773,4.54745053,37.819993,0.0086,0.0086
ganymede,2457883.494857131,A.D. 2017-05-09 23:52:35.66 TDB,2457883.598518535,A.D. 2017-05-10 02:21:52.00 TDB,149.2724,2457883.546687833,4.60390770,38.289533,0.0086,0.0086
ganymede,2457890.660353488,A.D. 2017-05-17 03:50:54.54 TDB,2457890.763423450,A.D. 2017-05-17 06:19:19.79 TDB,148.4207,2457890.711888469,4.67253236,38.860267,0.0086,0.0086
ganymede,2457897.826250183,A.D. 2017-05-24 07:49:48.02 TDB,2457897.928684453,A.D. 2017-05-24 10:17:18.34 TDB,147.5053,2457897.877467318,4.75197883,39.521003,0.0086,0.0086
ganymede,2457904.992350177,A.D. 2017-05-31 11:48:59.06 TDB,2457905.094181853,A.D. 2017-05-31 14:15:37.31 TDB,146.6376,2457905.043266015,4.84072544,40.259086,0.0086,0.0086
ganymede,2457912.158385595,A.D. 2017-06-07 15:48:04.52 TDB,2457912.259616610,A.D. 2017-06-07 18:13:50.88 TDB,145.7727,2457912.209001102,4.93705150,41.060205,0.0086,0.0086
ganymede,2457919.324211985,A.D. 2017-06-14 19:46:51.92 TDB,2457919.424825063,A.D. 2017-06-14 22:11:44.89 TDB,144.8828,2457919.374518524,5.03932715,41.910806,0.0086,0.0086
ganymede,2457926.489823496,A.D. 2017-06-21 23:45:20.75 TDB,2457926.589867788,A.D. 2017-06-22 02:09:24.58 TDB,144.0638,2457926.539845642,5.14603826,42.798295,0.0086,0.0086
ganymede,2457933.655281713,A.D. 2017-06-29 03:43:36.34 TDB,2457933.754703633,A.D. 2017-06-29 06:06:46.39 TDB,143.1676,2457933.704992673,5.25563678,43.709798,0.0086,0.0086
ganymede,2457940.820793988,A.D. 2017-07-06 07:41:56.60 TDB,2457940.919653025,A.D. 2017-07-06 10:04:18.02 TDB,142.3570,2457940.870223506,5.36653078,44.632076,0.0086,0.0086
ganymede,2457947.986694044,A.D. 2017-07-13 11:40:50.37 TDB,2457948.084948342,A.D. 2017-07-13 14:02:19.54 TDB,141.4862,2457948.035821193,5.47734526,45.553691,0.0086,0.0086
ganymede,2457955.152780111,A.D. 2017-07-20 15:40:00.20 TDB,2457955.250466181,A.D. 2017-07-20 18:00:40.28 TDB,140.6679,2457955.201623146,5.58684304,46.464357,0.0086,0.0086
ganymede,2457962.318768512,A.D. 2017-07-27 19:39:01.60 TDB,2457962.415895359,A.D. 2017-07-27 21:58:53.36 TDB,139.8627,2457962.367331936,5.69376186,47.353573,0.0086,0.0086
ganymede,2457969.484518191,A.D. 2017-08-03 23:37:42.37 TDB,2457969.581070963,A.D. 2017-08-04 01:56:44.53 TDB,139.0360,2457969.532794577,5.79686556,48.211061,0.0086,0.0086
ganymede,2457976.650050168,A.D. 2017-08-11 03:36:04.33 TDB,2457976.746082577,A.D. 2017-08-11 05:54:21.53 TDB,138.2867,2457976.698066372,5.89514417,49.028419,0.0086,0.0086
ganymede,2457983.815449961,A.D. 2017-08-18 07:34:14.88 TDB,2457983.910905300,A.D. 2017-08-18 09:51:42.22 TDB,137.4557,2457983.863177630,5.98771840,49.798335,0.0086,0.0086
ganymede,2457990.980908428,A.D. 2017-08-25 11:32:30.49 TDB,2457991.075848579,A.D. 2017-08-25 13:49:13.32 TDB,136.7138,2457991.028378503,6.07365194,50.513023,0.0086,0.0086
ganymede,2457998.146748607,A.D. 2017-09-01 15:31:19.08 TDB,2457998.241134449,A.D. 2017-09-01 17:47:14.02 TDB,135.9156,2457998.193941528,6.15206966,51.165203,0.0086,0.0086
ganymede,2458005.312764635,A.D. 2017-09-08 19:30:22.86 TDB,2458005.406635559,A.D. 2017-09-08 21:45:33.31 TDB,135.1741,2458005.359700097,6.22230050,51.749295,0.0086,0.0086
ganymede,2458012.478657019,A.D. 2017-09-15 23:29:15.97 TDB,2458012.572028293,A.D. 2017-09-16 01:43:43.24 TDB,134.4546,2458012.525342656,6.28376860,52.260510,0.0086,0.0086
ganymede,2458019.644288279,A.D. 2017-09-23 03:27:46.51 TDB,2458019.737146327,A.D. 2017-09-23 05:41:29.44 TDB,133.7156,2458019.690717303,6.33583670,52.693547,0.0086,0.0086
ganymede,2458026.809703335,A.D. 2017-09-30 07:25:58.37 TDB,2458026.902105777,A.D. 2017-09-30 09:39:01.94 TDB,133.0595,2458026.855904556,6.37795466,53.043831,0.0086,0.0086
ganymede,2458033.975011114,A.D. 2017-10-07 11:24:00.96 TDB,2458034.066897951,A.D. 2017-10-07 13:36:19.98 TDB,132.3170,2458034.020954533,6.40978612,53.308566,0.0086,0.0086
ganymede,2458041.140385837,A.D. 2017-10-14 15:22:09.34 TDB,2458041.231821199,A.D. 2017-10-14 17:33:49.35 TDB,131.6669,2458041.186103518,6.43105803,53.485479,0.0086,0.0086
ganymede,2458048.306140058,A.D. 2017-10-21 19:20:50.50 TDB,2458048.397087787,A.D. 2017-10-21 21:31:48.38 TDB,130.9647,2458048.351613922,6.44144170,53.571837,0.0086,0.0086
ganymede,2458055.472065127,A.D. 2017-10-28 23:19:46.43 TDB,2458055.562566833,A.D. 2017-10-29 01:30:05.77 TDB,130.3225,2458055.517315980,6.44073114,53.565928,0.0086,0.0086
ganymede,2458062.637848095,A.D. 2017-11-05 03:18:30.08 TDB,2458062.727924539,A.D. 2017-11-05 05:28:12.68 TDB,129.7101,2458062.682886317,6.42893274,53.467803,0.0086,0.0086
ganymede,2458069.803355644,A.D. 2017-11-12 07:16:49.93 TDB,2458069.892993452,A.D. 2017-11-12 09:25:54.63 TDB,129.0784,2458069.848174549,6.40611732,53.278053,0.0086,0.0086
ganymede,2458076.968653364,A.D. 2017-11-19 11:14:51.65 TDB,2458077.057913287,A.D. 2017-11-19 13:23:23.71 TDB,128.5343,2458077.013283325,6.37230968,52.996884,0.0086,0.0086
ganymede,2458084.133873604,A.D. 2017-11-26 15:12:46.68 TDB,2458084.222692048,A.D. 2017-11-26 17:20:40.59 TDB,127.8986,2458084.178282826,6.32771219,52.625978,0.0086,0.0086
ganymede,2458091.299172256,A.D. 2017-12-03 19:10:48.48 TDB,2458091.387615012,A.D. 2017-12-03 21:18:09.94 TDB,127.3576,2458091.343393634,6.27272823,52.168690,0.0086,0.0086
ganymede,2458098.464849670,A.D. 2017-12-10 23:09:23.01 TDB,2458098.552883721,A.D. 2017-12-11 01:16:09.15 TDB,126.7690,2458098.508866696,6.20781891,51.628856,0.0086,0.0086
ganymede,2458105.630695860,A.D. 2017-12-18 03:08:12.12 TDB,2458105.718364609,A.D. 2017-12-18 05:14:26.70 TDB,126.2430,2458105.674530235,6.13342667,51.010154,0.0086,0.0086
ganymede,2458112.796388657,A.D. 2017-12-25 07:06:47.98 TDB,2458112.883717966,A.D. 2017-12-25 09:12:33.23 TDB,125.7542,2458112.840053312,6.05020865,50.318051,0.0086,0.0086
ganymede,2458119.961799085,A.D. 2018-01-01 11:04:59.44 TDB,2458120.048775232,A.D. 2018-01-01 13:10:14.18 TDB,125.2457,2458120.005287159,5.95902948,49.559737,0.0086,0.0086
ganymede,2458127.127011428,A.D. 2018-01-08 15:02:53.79 TDB,2458127.213697958,A.D. 2018-01-08 17:07:43.50 TDB,124.8286,2458127.170354693,5.86078454,48.742659,0.0086,0.0086
ganymede,2458134.292181537,A.D. 2018-01-15 19:00:44.48 TDB,2458134.378511783,A.D. 2018-01-15 21:05:03.42 TDB,124.3156,2458134.335346660,5.75637996,47.874352,0.0086,0.0086
ganymede,2458141.457444971,A.D. 2018-01-22 22:58:43.25 TDB,2458141.543486279,A.D. 2018-01-23 01:02:37.21 TDB,123.8995,2458141.500465625,5.64694439,46.964204,0.0086,0.0086
ganymede,2458148.623087798,A.D. 2018-01-30 02:57:14.79 TDB,2458148.708810873,A.D. 2018-01-30 05:00:41.26 TDB,123.4412,2458148.665949336,5.53379852,46.023199,0.0086,0.0086
ganymede,2458155.788898890,A.D. 2018-02-06 06:56:00.86 TDB,2458155.874348745,A.D. 2018-02-06 08:59:03.73 TDB,123.0478,2458155.831623817,5.41826821,45.062363,0.0086,0.0086
ganymede,2458162.954550138,A.D. 2018-02-13 10:54:33.13 TDB,2458163.039757540,A.D. 2018-02-13 12:57:15.05 TDB,122.6987,2458162.997153839,5.30170475,44.092934,0.0086,0.0086
ganymede,2458170.119916070,A.D. 2018-02-20 14:52:40.75 TDB,2458170.204866780,A.D. 2018-02-20 16:55:00.49 TDB,122.3290,2458170.162391425,5.18568124,43.127996,0.0086,0.0086
ganymede,2458177.285098406,A.D. 2018-02-27 18:50:32.50 TDB,2458177.369859006,A.D. 2018-02-27 20:52:35.82 TDB,122.0553,2458177.327478706,5.07189488,42.181664,0.0086,0.0086
ganymede,2458184.450275737,A.D. 2018-03-06 22:48:23.82 TDB,2458184.534778163,A.D. 2018-03-07 00:50:04.83 TDB,121.6835,2458184.492526950,4.96197462,41.267485,0.0086,0.0086
ganymede,2458191.615562860,A.D. 2018-03-14 02:46:24.63 TDB,2458191.699876420,A.D. 2018-03-14 04:47:49.32 TDB,121.4115,2458191.657719640,4.85753638,40.398898,0.0086,0.0086
ganymede,2458198.781229567,A.D. 2018-03-21 06:44:58.23 TDB,2458198.865329555,A.D. 2018-03-21 08:46:04.47 TDB,121.1040,2458198.823279561,4.76034444,39.590578,0.0086,0.0086
ganymede,2458205.947063083,A.D. 2018-03-28 10:43:46.25 TDB,2458206.030996004,A.D. 2018-03-28 12:44:38.05 TDB,120.8634,2458205.989029543,4.67215085,38.857094,0.0086,0.0086
ganymede,2458213.112732416,A.D. 2018-04-04 14:42:20.08 TDB,2458213.196533707,A.D. 2018-04-04 16:43:00.51 TDB,120.6739,2458213.154633061,4.59447669,38.211097,0.0086,0.0086
ganymede,2458220.278114924,A.D. 2018-04-11 18:40:29.13 TDB,2458220.361769627,A.D. 2018-04-11 20:40:56.90 TDB,120.4628,2458220.319942276,4.52871816,37.664200,0.0086,0.0086
ganymede,2458227.443328274,A.D. 2018-04-18 22:38:23.56 TDB,2458227.526905814,A.D. 2018-04-19 00:38:44.66 TDB,120.3517,2458227.485117044,4.47621348,37.227532,0.0086,0.0086
ganymede,2458234.608571103,A.D. 2018-04-26 02:36:20.54 TDB,2458234.692003331,A.D. 2018-04-26 04:36:29.09 TDB,120.1424,2458234.650287217,4.43804162,36.910067,0.0086,0.0086
ganymede,2458241.773936884,A.D. 2018-05-03 06:34:28.15 TDB,2458241.857294743,A.D. 2018-05-03 08:34:30.27 TDB,120.0353,2458241.815615814,4.41483235,36.717041,0.0086,0.0086
ganymede,2458248.939675483,A.D. 2018-05-10 10:33:07.96 TDB,2458249.022939175,A.D. 2018-05-10 12:33:01.94 TDB,119.8997,2458248.981307329,4.40696496,36.651610,0.0086,0.0086
ganymede,2458256.105572936,A.D. 2018-05-17 14:32:01.50 TDB,2458256.188789725,A.D. 2018-05-17 16:31:51.43 TDB,119.8322,2458256.147181330,4.41458906,36.715018,0.0086,0.0086
ganymede,2458263.271298725,A.D. 2018-05-24 18:30:40.21 TDB,2458263.354507760,A.D. 2018-05-24 20:30:29.47 TDB,119.8210,2458263.312903242,4.43743739,36.905041,0.0086,0.0086
ganymede,2458270.436733289,A.D. 2018-05-31 22:28:53.76 TDB,2458270.519918022,A.D. 2018-06-01 00:28:40.92 TDB,119.7860,2458270.478325656,4.47479033,37.215696,0.0086,0.0086
ganymede,2458277.602010038,A.D. 2018-06-08 02:26:53.67 TDB,2458277.685241583,A.D. 2018-06-08 04:26:44.87 TDB,119.8534,2458277.643625811,4.52574984,37.639514,0.0086,0.0086
ganymede,2458284.767345594,A.D. 2018-06-15 06:24:58.66 TDB,2458284.850556352,A.D. 2018-06-15 08:24:48.07 TDB,119.8235,2458284.808950973,4.58926789,38.167777,0.0086,0.0086
ganymede,2458291.932811542,A.D. 2018-06-22 10:23:14.92 TDB,2458292.016072679,A.D. 2018-06-22 12:23:08.68 TDB,119.8960,2458291.974442110,4.66398771,38.789203,0.0086,0.0086
ganymede,2458299.098633696,A.D. 2018-06-29 14:22:01.95 TDB,2458299.181929421,A.D. 2018-06-29 16:21:58.70 TDB,119.9458,2458299.140281558,4.74834780,39.490804,0.0086,0.0086
ganymede,2458306.264598215,A.D. 2018-07-06 18:21:01.29 TDB,2458306.347974640,A.D. 2018-07-06 20:21:05.01 TDB,120.0621,2458306.306286428,4.84083566,40.260003,0.0086,0.0086
ganymede,2458313.430376200,A.D. 2018-07-13 22:19:44.50 TDB,2458313.513874187,A.D. 2018-07-14 00:19:58.73 TDB,120.2371,2458313.472125193,4.93994776,41.084293,0.0086,0.0086
ganymede,2458320.595851122,A.D. 2018-07-21 02:18:01.54 TDB,2458320.679451194,A.D. 2018-07-21 04:18:24.58 TDB,120.3841,2458320.637651158,5.04405049,41.950089,0.0086,0.0086
ganymede,2458327.761174445,A.D. 2018-07-28 06:16:05.47 TDB,2458327.844947894,A.D. 2018-07-28 08:16:43.50 TDB,120.6338,2458327.803061170,5.15151249,42.843823,0.0086,0.0086
ganymede,2458334.926580783,A.D. 2018-08-04 10:14:16.58 TDB,2458335.010461126,A.D. 2018-08-04 12:15:03.84 TDB,120.7877,2458334.968520954,5.26090448,43.753608,0.0086,0.0086
ganymede,2458342.092119773,A.D. 2018-08-11 14:12:39.15 TDB,2458342.176176560,A.D. 2018-08-11 16:13:41.65 TDB,121.0418,2458342.134148167,5.37086159,44.668094,0.0086,0.0086
ganymede,2458349.257990866,A.D. 2018-08-18 18:11:30.41 TDB,2458349.342210650,A.D. 2018-08-18 20:12:47.00 TDB,121.2765,2458349.300100758,5.47995754,45.575417,0.0086,0.0086
ganymede,2458356.423981377,A.D. 2018-08-25 22:10:31.99 TDB,2458356.508406736,A.D. 2018-08-26 00:12:06.34 TDB,121.5725,2458356.466194056,5.58685389,46.464447,0.0086,0.0086
ganymede,2458363.589762952,A.D. 2018-09-02 02:09:15.52 TDB,2458363.674434300,A.D. 2018-09-02 04:11:11.12 TDB,121.9267,2458363.632098626,5.69042882,47.325853,0.0086,0.0086
ganymede,2458370.755221963,A.D. 2018-09-09 06:07:31.18 TDB,2458370.840115711,A.D. 2018-09-09 08:09:46.00 TDB,122.2470,2458370.797668837,5.78962845,48.150872,0.0086,0.0086
ganymede,2458377.920530166,A.D. 2018-09-16 10:05:33.81 TDB,2458378.005716234,A.D. 2018-09-16 12:08:13.88 TDB,122.6679,2458377.963123200,5.88333982,48.930245,0.0086,0.0086
ganymede,2458385.085940240,A.D. 2018-09-23 14:03:45.24 TDB,2458385.171353873,A.D. 2018-09-23 16:06:44.97 TDB,122.9956,2458385.128647056,5.97059363,49.655913,0.0086,0.0086
ganymede,2458392.251481438,A.D. 2018-09-30 18:02:08.00 TDB,2458392.337189369,A.D. 2018-09-30 20:05:33.16 TDB,123.4194,2458392.294335403,6.05060982,50.321387,0.0086,0.0086
ganymede,2458399.417328929,A.D. 2018-10-07 22:00:57.22 TDB,2458399.503319374,A.D. 2018-10-08 00:04:46.79 TDB,123.8262,2458399.460324151,6.12264927,50.920521,0.0086,0.0086
ganymede,2458406.583274541,A.D. 2018-10-15 01:59:54.92 TDB,2458406.669585510,A.D. 2018-10-15 04:04:12.19 TDB,124.2878,2458406.626430026,6.18591563,51.446692,0.0086,0.0086
ganymede,2458413.748991951,A.D. 2018-10-22 05:58:32.90 TDB,2458413.835662557,A.D. 2018-10-22 08:03:21.24 TDB,124.8057,2458413.792327254,6.23977932,51.894662,0.0086,0.0086
ganymede,2458420.914372429,A.D. 2018-10-29 09:56:41.78 TDB,2458421.001374917,A.D. 2018-10-29 12:01:58.79 TDB,125.2836,2458420.957873673,6.28380283,52.260795,0.0086,0.0086
ganymede,2458428.079609415,A.D. 2018-11-05 13:54:38.25 TDB,2458428.167011494,A.D. 2018-11-05 16:00:29.79 TDB,125.8590,2458428.123310454,6.31756052,52.541549,0.0086,0.0086
ganymede,2458435.244971963,A.D. 2018-11-12 17:52:45.58 TDB,2458435.332711315,A.D. 2018-11-12 19:59:06.26 TDB,126.3447,2458435.288841639,6.34060595,52.733212,0.0086,0.0086
ganymede,2458442.410470540,A.D. 2018-11-19 21:51:04.65 TDB,2458442.498610124,A.D. 2018-11-19 23:57:59.91 TDB,126.9210,2458442.454540332,6.35267626,52.833597,0.0086,0.0086
ganymede,2458449.576257521,A.D. 2018-11-27 01:49:48.65 TDB,2458449.664786104,A.D. 2018-11-27 03:57:17.52 TDB,127.4812,2458449.620521813,6.35369324,52.842055,0.0086,0.0086
ganymede,2458456.742128975,A.D. 2018-12-04 05:48:39.94 TDB,2458456.831078652,A.D. 2018-12-04 07:56:45.20 TDB,128.0875,2458456.786603814,6.34357847,52.757933,0.0086,0.0086
ganymede,2458463.907759101,A.D. 2018-12-11 09:47:10.39 TDB,2458463.997166762,A.D. 2018-12-11 11:55:55.21 TDB,128.7470,2458463.952462931,6.32226326,52.580660,0.0086,0.0086
ganymede,2458471.073044430,A.D. 2018-12-18 13:45:11.04 TDB,2458471.162878367,A.D. 2018-12-18 15:54:32.69 TDB,129.3609,2458471.117961398,6.28990171,52.311517,0.0086,0.0086
ganymede,2458478.238198468,A.D. 2018-12-25 17:43:00.35 TDB,2458478.328523941,A.D. 2018-12-25 19:53:04.47 TDB,130.0687,2458478.283361204,6.24681234,51.953154,0.0086,0.0086
ganymede,2458485.403504207,A.D. 2019-01-01 21:41:02.76 TDB,2458485.494262062,A.D. 2019-01-01 23:51:44.24 TDB,130.6913,2458485.448883135,6.19331046,51.508192,0.0086,0.0086
ganymede,2458492.568955217,A.D. 2019-01-09 01:39:17.73 TDB,2458492.660204005,A.D. 2019-01-09 03:50:41.63 TDB,131.3983,2458492.614579611,6.12974448,50.979530,0.0086,0.0086
ganymede,2458499.734683092,A.D. 2019-01-16 05:37:56.62 TDB,2458499.826411129,A.D. 2019-01-16 07:50:01.92 TDB,132.0884,2458499.780547111,6.05670214,50.372056,0.0086,0.0086
ganymede,2458506.900487741,A.D. 2019-01-23 09:36:42.14 TDB,2458506.992720332,A.D. 2019-01-23 11:49:31.04 TDB,132.8149,2458506.946604037,5.97492610,49.691945,0.0086,0.0086
ganymede,2458514.066044508,A.D. 2019-01-30 13:35:06.25 TDB,2458514.158815754,A.D. 2019-01-30 15:48:41.68 TDB,133.5906,2458514.112430131,5.88513915,48.945210,0.0086,0.0086
ganymede,2458521.231255959,A.D. 2019-02-06 17:33:00.51 TDB,2458521.324530440,A.D. 2019-02-06 19:47:19.43 TDB,134.3153,2458521.277893200,5.78813558,48.138456,0.0086,0.0086
ganymede,2458528.396352392,A.D. 2019-02-13 21:30:44.85 TDB,2458528.490192533,A.D. 2019-02-13 23:45:52.63 TDB,135.1298,2458528.443272462,5.68493781,47.280186,0.0086,0.0086
ganymede,2458535.561628408,A.D. 2019-02-21 01:28:44.69 TDB,2458535.655978382,A.D. 2019-02-21 03:44:36.53 TDB,135.8640,2458535.608803395,5.57669950,46.379996,0.0086,0.0086
ganymede,2458542.727061117,A.D. 2019-02-28 05:26:58.08 TDB,2458542.821974783,A.D. 2019-02-28 07:43:38.62 TDB,136.6757,2458542.774517950,5.46452618,45.447078,0.0086,0.0086
ganymede,2458549.892762269,A.D. 2019-03-07 09:25:34.66 TDB,2458549.988226922,A.D. 2019-03-07 11:43:02.81 TDB,137.4691,2458549.940494596,5.34962320,44.491459,0.0086,0.0086
ganymede,2458557.058535803,A.D. 2019-03-14 13:24:17.49 TDB,2458557.154569703,A.D. 2019-03-14 15:42:34.82 TDB,138.2888,2458557.106552753,5.23342305,43.525052,0.0086,0.0086
ganymede,2458564.224061078,A.D. 2019-03-21 17:22:38.88 TDB,2458564.320695572,A.D. 2019-03-21 19:41:48.10 TDB,139.1537,2458564.272378325,5.11744099,42.560459,0.0086,0.0086
ganymede,2458571.389246944,A.D. 2019-03-28 21:20:30.94 TDB,2458571.486443567,A.D. 2019-03-28 23:40:28.72 TDB,139.9631,2458571.437845256,5.00311467,41.609636,0.0086,0.0086
ganymede,2458578.554337699,A.D. 2019-04-05 01:18:14.78 TDB,2458578.652156121,A.D. 2019-04-05 03:39:06.29 TDB,140.8585,2458578.603246910,4.89197109,40.685283,0.0086,0.0086
ganymede,2458585.719637750,A.D. 2019-04-12 05:16:16.70 TDB,2458585.818025678,A.D. 2019-04-12 07:37:57.42 TDB,141.6786,2458585.768831714,4.78571144,39.801548,0.0086,0.0086
ganymede,2458592.885107149,A.D. 2019-04-19 09:14:33.26 TDB,2458592.984113876,A.D. 2019-04-19 11:37:07.44 TDB,142.5697,2458592.934610512,4.68601123,38.972367,0.0086,0.0086
ganymede,2458600.050837575,A.D. 2019-04-26 13:13:12.37 TDB,2458600.150449075,A.D. 2019-04-26 15:36:38.80 TDB,143.4406,2458600.100643325,4.59439108,38.210385,0.0086,0.0086
ganymede,2458607.216636374,A.D. 2019-05-03 17:11:57.38 TDB,2458607.316864002,A.D. 2019-05-03 19:36:17.05 TDB,144.3278,2458607.266750188,4.51240185,37.528502,0.0086,0.0086
ganymede,2458614.382189749,A.D. 2019-05-10 21:10:21.19 TDB,2458614.483062650,A.D. 2019-05-10 23:35:36.61 TDB,145.2570,2458614.432626199,4.44160488,36.939701,0.0086,0.0086
ganymede,2458621.547412595,A.D. 2019-05-18 01:08:16.45 TDB,2458621.648890645,A.D. 2019-05-18 03:34:24.15 TDB,146.1284,2458621.598151620,4.38332948,36.455040,0.0086,0.0086
ganymede,2458628.712561829,A.D. 2019-05-25 05:06:05.34 TDB,2458628.814702874,A.D. 2019-05-25 07:33:10.33 TDB,147.0831,2458628.763632352,4.33857747,36.082849,0.0086,0.0086
ganymede,2458635.877950061,A.D. 2019-06-01 09:04:14.89 TDB,2458635.980705755,A.D. 2019-06-01 11:32:12.98 TDB,147.9682,2458635.929327908,4.30822808,35.830440,0.0086,0.0086
ganymede,2458643.043520360,A.D. 2019-06-08 13:02:40.16 TDB,2458643.146935807,A.D. 2019-06-08 15:31:35.25 TDB,148.9182,2458643.095228083,4.29293894,35.703284,0.0086,0.0086
ganymede,2458650.209343753,A.D. 2019-06-15 17:01:27.30 TDB,2458650.313403571,A.D. 2019-06-15 19:31:18.07 TDB,149.8461,2458650.261373662,4.29292903,35.703202,0.0086,0.0086
ganymede,2458657.375229533,A.D. 2019-06-22 21:00:19.83 TDB,2458657.479938521,A.D. 2019-06-22 23:31:06.69 TDB,150.7809,2458657.427584027,4.30801246,35.828647,0.0086,0.0086
ganymede,2458664.540873783,A.D. 2019-06-30 00:58:51.49 TDB,2458664.646259312,A.D. 2019-06-30 03:30:36.80 TDB,151.7552,2458664.593566547,4.33781581,36.076514,0.0086,0.0086
ganymede,2458671.706197097,A.D. 2019-07-07 04:56:55.43 TDB,2458671.812218180,A.D. 2019-07-07 07:29:35.65 TDB,152.6704,2458671.759207638,4.38169771,36.441469,0.0086,0.0086
ganymede,2458678.871466490,A.D. 2019-07-14 08:54:54.70 TDB,2458678.978179457,A.D. 2019-07-14 11:28:34.71 TDB,153.6667,2458678.924822973,4.43860085,36.914718,0.0086,0.0086
ganymede,2458686.036999559,A.D. 2019-07-21 12:53:16.76 TDB,2458686.144359826,A.D. 2019-07-21 15:27:52.69 TDB,154.5988,2458686.090679693,4.50725380,37.485687,0.0086,0.0086
ganymede,2458693.202723243,A.D. 2019-07-28 16:51:55.29 TDB,2458693.310771982,A.D. 2019-07-28 19:27:30.70 TDB,155.5902,2458693.256747613,4.58635091,38.143517,0.0086,0.0086
ganymede,2458700.368686289,A.D. 2019-08-04 20:50:54.50 TDB,2458700.477406666,A.D. 2019-08-04 23:27:27.94 TDB,156.5573,2458700.423046477,4.67446958,38.876378,0.0086,0.0086
ganymede,2458707.534699151,A.D. 2019-08-12 00:49:58.01 TDB,2458707.644089519,A.D. 2019-08-12 03:27:29.33 TDB,157.5221,2458707.589394335,4.76996471,39.670587,0.0086,0.0086
ganymede,2458714.700472003,A.D. 2019-08-19 04:48:40.78 TDB,2458714.810557913,A.D. 2019-08-19 07:27:12.20 TDB,158.5237,2458714.755514958,4.87121632,40.512671,0.0086,0.0086
ganymede,2458721.865932078,A.D. 2019-08-26 08:46:56.53 TDB,2458721.976671846,A.D. 2019-08-26 11:26:24.45 TDB,159.4653,2458721.921301962,4.97674264,41.390306,0.0086,0.0086
ganymede,2458729.031353853,A.D. 2019-09-02 12:45:08.97 TDB,2458729.142801926,A.D. 2019-09-02 15:25:38.09 TDB,160.4852,2458729.087077890,5.08504883,42.291062,0.0086,0.0086
ganymede,2458736.197057236,A.D. 2019-09-09 16:43:45.75 TDB,2458736.309171729,A.D. 2019-09-09 19:25:12.44 TDB,161.4449,2458736.253114482,5.19456085,43.201845,0.0086,0.0086
ganymede,2458743.362953510,A.D. 2019-09-16 20:42:39.18 TDB,2458743.475771101,A.D. 2019-09-16 23:25:06.62 TDB,162.4573,2458743.419362306,5.30384999,44.110775,0.0086,0.0086
ganymede,2458750.529065963,A.D. 2019-09-24 00:41:51.30 TDB,2458750.642567507,A.D. 2019-09-24 03:25:17.83 TDB,163.4422,2458750.585816735,5.41166691,45.007461,0.0086,0.0086
ganymede,2458757.695206081,A.D. 2019-10-01 04:41:05.81 TDB,2458757.809383063,A.D. 2019-10-01 07:25:30.70 TDB,164.4149,2458757.752294572,5.51676150,45.881506,0.0086,0.0086
ganymede,2458764.861101218,A.D. 2019-10-08 08:39:59.15 TDB,2458764.975977295,A.D. 2019-10-08 11:25:24.44 TDB,165.4216,2458764.918539256,5.61784817,46.722219,0.0086,0.0086
ganymede,2458772.026686991,A.D. 2019-10-15 12:38:25.76 TDB,2458772.142220217,A.D. 2019-10-15 15:24:47.83 TDB,166.3678,2458772.084453604,5.71385293,47.520666,0.0086,0.0086
ganymede,2458779.192245274,A.D. 2019-10-22 16:36:49.99 TDB,2458779.308487853,A.D. 2019-10-22 19:24:13.35 TDB,167.3893,2458779.250366563,5.80385995,48.269231,0.0086,0.0086
ganymede,2458786.358097655,A.D. 2019-10-29 20:35:39.64 TDB,2458786.475008935,A.D. 2019-10-29 23:24:00.77 TDB,168.3522,2458786.416553295,5.88694860,48.960259,0.0086,0.0086
ganymede,2458793.524139466,A.D. 2019-11-06 00:34:45.65 TDB,2458793.641750627,A.D. 2019-11-06 03:24:07.25 TDB,169.3601,2458793.582945046,5.96218325,49.585966,0.0086,0.0086
ganymede,2458800.690365715,A.D. 2019-11-13 04:34:07.60 TDB,2458800.808654278,A.D. 2019-11-13 07:24:27.73 TDB,170.3355,2458800.749509997,6.02885656,50.140471,0.0086,0.0086
ganymede,2458807.856589075,A.D. 2019-11-20 08:33:29.30 TDB,2458807.975539223,A.D. 2019-11-20 11:24:46.59 TDB,171.2882,2458807.916064149,6.08639960,50.619042,0.0086,0.0086
ganymede,2458815.022554737,A.D. 2019-11-27 12:32:28.73 TDB,2458815.142188146,A.D. 2019-11-27 15:24:45.06 TDB,172.2721,2458815.082371442,6.13422018,51.016754,0.0086,0.0086
ganymede,2458822.188207848,A.D. 2019-12-04 16:31:01.16 TDB,2458822.308482910,A.D. 2019-12-04 19:24:12.92 TDB,173.1961,2458822.248345379,6.17176810,51.329030,0.0086,0.0086
ganymede,2458829.353839151,A.D. 2019-12-11 20:29:31.70 TDB,2458829.474806462,A.D. 2019-12-11 23:23:43.28 TDB,174.1929,2458829.414322807,6.19872128,51.553193,0.0086,0.0086
ganymede,2458836.519773708,A.D. 2019-12-19 00:28:28.45 TDB,2458836.641394428,A.D. 2019-12-19 03:23:36.48 TDB,175.1338,2458836.580584068,6.21489016,51.687665,0.0086,0.0086
ganymede,2458843.685893217,A.D. 2019-12-26 04:27:41.17 TDB,2458843.808194773,A.D. 2019-12-26 07:23:48.03 TDB,176.1142,2458843.747043995,6.22004406,51.730529,0.0086,0.0086
ganymede,2458850.852167008,A.D. 2020-01-02 08:27:07.23 TDB,2458850.975125274,A.D. 2020-01-02 11:24:10.82 TDB,177.0599,2458850.913646141,6.21403312,51.680538,0.0086,0.0086
ganymede,2458858.018411724,A.D. 2020-01-09 12:26:30.77 TDB,2458858.142005190,A.D. 2020-01-09 15:24:29.25 TDB,177.9746,2458858.080208457,6.19694271,51.538401,0.0086,0.0086
ganymede,2458865.184391027,A.D. 2020-01-16 16:25:31.38 TDB,2458865.308640491,A.D. 2020-01-16 19:24:26.54 TDB,178.9192,2458865.246515759,6.16897062,51.305764,0.0086,0.0086
ganymede,2458872.350060906,A.D. 2020-01-23 20:24:05.26 TDB,2458872.474926115,A.D. 2020-01-23 23:23:53.62 TDB,179.8059,2458872.412493511,6.13027868,50.983973,0.0086,0.0086
ganymede,2458879.515720905,A.D. 2020-01-31 00:22:38.29 TDB,2458879.641251192,A.D. 2020-01-31 03:23:24.10 TDB,180.7636,2458879.578486049,6.08112954,50.575212,0.0086,0.0086
ganymede,2458886.681698604,A.D. 2020-02-07 04:21:38.76 TDB,2458886.807856417,A.D. 2020-02-07 07:23:18.79 TDB,181.6673,2458886.744777511,6.02201823,50.083598,0.0086,0.0086
ganymede,2458893.847862509,A.D. 2020-02-14 08:20:55.32 TDB,2458893.974671562,A.D. 2020-02-14 11:23:31.62 TDB,182.6050,2458893.911267036,5.95352292,49.513940,0.0086,0.0086
ganymede,2458901.014157571,A.D. 2020-02-21 12:20:23.21 TDB,2458901.141592190,A.D. 2020-02-21 15:23:53.57 TDB,183.5059,2458901.077874880,5.87617621,48.870667,0.0086,0.0086
ganymede,2458908.180404091,A.D. 2020-02-28 16:19:46.91 TDB,2458908.308437820,A.D. 2020-02-28 19:24:09.03 TDB,184.3686,2458908.244420955,5.79064939,48.159362,0.0086,0.0086
ganymede,2458915.346382219,A.D. 2020-03-06 20:18:47.42 TDB,2458915.475036089,A.D. 2020-03-06 23:24:03.12 TDB,185.2616,2458915.410709154,5.69782626,47.387376,0.0086,0.0086
ganymede,2458922.512060510,A.D. 2020-03-14 00:17:22.03 TDB,2458922.641296870,A.D. 2020-03-14 03:23:28.05 TDB,186.1004,2458922.576678690,5.59865081,46.562559,0.0086,0.0086
ganymede,2458929.677745563,A.D. 2020-03-21 04:15:57.22 TDB,2458929.807612938,A.D. 2020-03-21 07:22:57.76 TDB,187.0090,2458929.742679250,5.49400039,45.692208,0.0086,0.0086
ganymede,2458936.843765055,A.D. 2020-03-28 08:15:01.30 TDB,2458936.974226693,A.D. 2020-03-28 11:22:53.19 TDB,187.8648,2458936.908995874,5.38492160,44.785027,0.0086,0.0086
ganymede,2458944.009975559,A.D. 2020-04-04 12:14:21.89 TDB,2458944.141051569,A.D. 2020-04-04 15:23:06.86 TDB,188.7495,2458944.075513564,5.27265300,43.851318,0.0086,0.0086
ganymede,2458951.176300635,A.D. 2020-04-11 16:13:52.37 TDB,2458951.307963971,A.D. 2020-04-11 19:23:28.09 TDB,189.5952,2458951.242132302,5.15846140,42.901615,0.0086,0.0086
ganymede,2458958.342563515,A.D. 2020-04-18 20:13:17.49 TDB,2458958.474783061,A.D. 2020-04-18 23:23:41.26 TDB,190.3961,2458958.408673287,5.04356312,41.946035,0.0086,0.0086
ganymede,2458965.508559746,A.D. 2020-04-26 00:12:19.56 TDB,2458965.641356855,A.D. 2020-04-26 03:23:33.23 TDB,191.2278,2458965.574958301,4.92935588,40.996203,0.0086,0.0086
ganymede,2458972.674272068,A.D. 2020-05-03 04:10:57.11 TDB,2458972.807611871,A.D. 2020-05-03 07:22:57.67 TDB,192.0093,2458972.740941970,4.81739400,40.065044,0.0086,0.0086
ganymede,2458979.840010456,A.D. 2020-05-10 08:09:36.90 TDB,2458979.973940729,A.D. 2020-05-10 11:22:28.48 TDB,192.8596,2458979.906975592,4.70918621,39.165107,0.0086,0.0086
ganymede,2458987.006100231,A.D. 2020-05-17 12:08:47.06 TDB,2458987.140584654,A.D. 2020-05-17 15:22:26.51 TDB,193.6576,2458987.073342443,4.60618233,38.308450,0.0086,0.0086
ganymede,2458994.172387132,A.D. 2020-05-24 16:08:14.25 TDB,2458994.307442485,A.D. 2020-05-24 19:22:43.03 TDB,194.4797,2458994.239914808,4.50998145,37.508372,0.0086,0.0086
ganymede,2459001.338776249,A.D. 2020-05-31 20:07:50.27 TDB,2459001.474374395,A.D. 2020-05-31 23:23:05.95 TDB,195.2613,2459001.406575322,4.42223413,36.778600,0.0086,0.0086
ganymede,2459008.505093140,A.D. 2020-06-08 00:07:20.05 TDB,2459008.641198446,A.D. 2020-06-08 03:23:19.55 TDB,195.9916,2459008.573145793,4.34441862,36.131428,0.0086,0.0086
ganymede,2459015.671149487,A.D. 2020-06-15 04:06:27.32 TDB,2459015.807783430,A.D. 2020-06-15 07:23:12.49 TDB,196.7529,2459015.739466459,4.27785311,35.577819,0.0086,0.0086
ganymede,2459022.836943273,A.D. 2020-06-22 08:05:11.90 TDB,2459022.974073514,A.D. 2020-06-22 11:22:39.95 TDB,197.4675,2459022.905508393,4.22385797,35.128756,0.0086,0.0086
ganymede,2459030.002784181,A.D. 2020-06-29 12:04:00.55 TDB,2459030.140457345,A.D. 2020-06-29 15:22:15.51 TDB,198.2494,2459030.071620763,4.18356935,34.793685,0.0086,0.0086
ganymede,2459037.168992855,A.D. 2020-07-06 16:03:20.98 TDB,2459037.307172136,A.D. 2020-07-06 19:22:19.67 TDB,198.9782,2459037.238082496,4.15773771,34.578850,0.0086,0.0086
ganymede,2459044.335403937,A.D. 2020-07-13 20:02:58.90 TDB,2459044.474102491,A.D. 2020-07-13 23:22:42.46 TDB,199.7259,2459044.404753214,4.14681557,34.488013,0.0086,0.0086
ganymede,2459051.501905610,A.D. 2020-07-21 00:02:44.64 TDB,2459051.641094387,A.D. 2020-07-21 03:23:10.56 TDB,200.4318,2459051.571499999,4.15108177,34.523494,0.0086,0.0086
ganymede,2459058.668325332,A.D. 2020-07-28 04:02:23.31 TDB,2459058.807964933,A.D. 2020-07-28 07:23:28.17 TDB,201.0810,2459058.738145133,4.17045811,34.684642,0.0086,0.0086
ganymede,2459065.834492860,A.D. 2020-08-04 08:01:40.18 TDB,2459065.974605509,A.D. 2020-08-04 11:23:25.92 TDB,201.7622,2459065.904549184,4.20438685,34.966819,0.0086,0.0086
ganymede,2459073.000422420,A.D. 2020-08-11 12:00:36.50 TDB,2459073.140978447,A.D. 2020-08-11 15:23:00.54 TDB,202.4007,2459073.070700434,4.25207386,35.363420,0.0086,0.0086
ganymede,2459080.166420881,A.D. 2020-08-18 15:59:38.76 TDB,2459080.307465450,A.D. 2020-08-18 19:22:45.01 TDB,203.1042,2459080.236943166,4.31257915,35.866627,0.0086,0.0086
ganymede,2459087.332801441,A.D. 2020-08-25 19:59:14.04 TDB,2459087.474296379,A.D. 2020-08-25 23:22:59.21 TDB,203.7527,2459087.403548910,4.38469079,36.466361,0.0086,0.0086
ganymede,2459094.499387548,A.D. 2020-09-01 23:59:07.08 TDB,2459094.641342039,A.D. 2020-09-02 03:23:31.95 TDB,204.4145,2459094.570364794,4.46689317,37.150018,0.0086,0.0086
ganymede,2459101.666051728,A.D. 2020-09-09 03:59:06.87 TDB,2459101.808435796,A.D. 2020-09-09 07:24:08.85 TDB,205.0331,2459101.737243762,4.55767453,37.905023,0.0086,0.0086
ganymede,2459108.832622388,A.D. 2020-09-16 07:58:58.57 TDB,2459108.975392936,A.D. 2020-09-16 11:24:33.95 TDB,205.5896,2459108.904007662,4.65554581,38.718994,0.0086,0.0086
ganymede,2459115.998948810,A.D. 2020-09-23 11:58:29.18 TDB,2459116.142128571,A.D. 2020-09-23 15:24:39.91 TDB,206.1789,2459116.070538690,4.75889551,39.578527,0.0086,0.0086
ganymede,2459123.165061643,A.D. 2020-09-30 15:57:41.33 TDB,2459123.308623429,A.D. 2020-09-30 19:24:25.06 TDB,206.7290,2459123.236842536,4.86603445,40.469574,0.0086,0.0086
ganymede,2459130.331261847,A.D. 2020-10-07 19:57:01.02 TDB,2459130.475249363,A.D. 2020-10-07 23:24:21.54 TDB,207.3420,2459130.403255605,4.97544545,41.379518,0.0086,0.0086
ganymede,2459137.497851629,A.D. 2020-10-14 23:56:54.38 TDB,2459137.642225016,A.D. 2020-10-15 03:24:48.24 TDB,207.8977,2459137.570038322,5.08572481,42.296683,0.0086,0.0086
ganymede,2459144.664644743,A.D. 2020-10-22 03:57:05.31 TDB,2459144.809409281,A.D. 2020-10-22 07:25:32.96 TDB,208.4609,2459144.737027012,5.19540549,43.208870,0.0086,0.0086
ganymede,2459151.831498568,A.D. 2020-10-29 07:57:21.48 TDB,2459151.976623466,A.D. 2020-10-29 11:26:20.27 TDB,208.9799,2459151.904061017,5.30304643,44.104092,0.0086,0.0086
ganymede,2459158.998241501,A.D. 2020-11-05 11:57:28.07 TDB,2459159.143679937,A.D. 2020-11-05 15:26:53.95 TDB,209.4313,2459159.070960719,5.40743913,44.972300,0.0086,0.0086
ganymede,2459166.164745328,A.D. 2020-11-12 15:57:14.00 TDB,2459166.310520174,A.D. 2020-11-12 19:27:08.94 TDB,209.9158,2459166.237632751,5.50748370,45.804345,0.0086,0.0086
ganymede,2459173.331058515,A.D. 2020-11-19 19:56:43.46 TDB,2459173.477144518,A.D. 2020-11-19 23:27:05.29 TDB,210.3638,2459173.404101517,5.60205085,46.590836,0.0086,0.0086
ganymede,2459180.497472025,A.D. 2020-11-26 23:56:21.58 TDB,2459180.643910907,A.D. 2020-11-27 03:27:13.90 TDB,210.8720,2459180.570691466,5.69008199,47.322969,0.0086,0.0086
ganymede,2459187.664273502,A.D. 2020-12-04 03:56:33.23 TDB,2459187.811023036,A.D. 2020-12-04 07:27:52.39 TDB,211.3193,2459187.737648269,5.77076489,47.993988,0.0086,0.0086
ganymede,2459194.831268454,A.D. 2020-12-11 07:57:01.59 TDB,2459194.978329842,A.D. 2020-12-11 11:28:47.70 TDB,211.7684,2459194.904799148,5.84336660,48.597798,0.0086,0.0086
ganymede,2459201.998297797,A.D. 2020-12-18 11:57:32.93 TDB,2459202.145639963,A.D. 2020-12-18 15:29:43.29 TDB,212.1727,2459202.071968880,5.90712287,49.128043,0.0086,0.0086
ganymede,2459209.165189963,A.D. 2020-12-25 15:57:52.41 TDB,2459209.312763240,A.D. 2020-12-25 19:30:22.74 TDB,212.5055,2459209.238976602,5.96138558,49.579332,0.0086,0.0086
ganymede,2459216.331843358,A.D. 2021-01-01 19:57:51.27 TDB,2459216.479670918,A.D. 2021-01-01 23:30:43.57 TDB,212.8717,2459216.405757139,6.00574076,49.948223,0.0086,0.0086
ganymede,2459223.498326923,A.D. 2021-01-08 23:57:35.45 TDB,2459223.646384622,A.D. 2021-01-09 03:30:47.63 TDB,213.2031,2459223.572355773,6.03985271,50.231923,0.0086,0.0086
ganymede,2459230.664918123,A.D. 2021-01-16 03:57:28.93 TDB,2459230.813244761,A.D. 2021-01-16 07:31:04.35 TDB,213.5904,2459230.739081442,6.06334341,50.427289,0.0086,0.0086
ganymede,2459237.831888027,A.D. 2021-01-23 07:57:55.13 TDB,2459237.980438154,A.D. 2021-01-23 11:31:49.86 TDB,213.9122,2459237.906163090,6.07598684,50.532442,0.0086,0.0086
ganymede,2459244.999034555,A.D. 2021-01-30 11:58:36.59 TDB,2459245.147805030,A.D. 2021-01-30 15:32:50.35 TDB,214.2295,2459245.073419793,6.07776873,50.547261,0.0086,0.0086
ganymede,2459252.166180426,A.D. 2021-02-06 15:59:17.99 TDB,2459252.315140384,A.D. 2021-02-06 19:33:48.13 TDB,214.5023,2459252.240660405,6.06872762,50.472069,0.0086,0.0086
ganymede,2459259.333154846,A.D. 2021-02-13 19:59:44.58 TDB,2459259.482252765,A.D. 2021-02-13 23:34:26.64 TDB,214.7010,2459259.407703806,6.04886878,50.306908,0.0086,0.0086
ganymede,2459266.499885219,A.D. 2021-02-20 23:59:50.08 TDB,2459266.649145992,A.D. 2021-02-21 03:34:46.21 TDB,214.9355,2459266.574515605,6.01836480,50.053214,0.0086,0.0086
ganymede,2459273.666463740,A.D. 2021-02-28 03:59:42.47 TDB,2459273.815866084,A.D. 2021-02-28 07:34:50.83 TDB,215.1394,2459273.741164912,5.97758714,49.714076,0.0086,0.0086
ganymede,2459280.833155350,A.D. 2021-03-07 07:59:44.62 TDB,2459280.982737650,A.D. 2021-03-07 11:35:08.53 TDB,215.3985,2459280.907946500,5.92691722,49.292667,0.0086,0.0086
ganymede,2459288.000217758,A.D. 2021-03-14 12:00:18.81 TDB,2459288.149933831,A.D. 2021-03-14 15:35:54.28 TDB,215.5911,2459288.075075794,5.86670732,48.791917,0.0086,0.0086
ganymede,2459295.167444491,A.D. 2021-03-21 16:01:07.20 TDB,2459295.317288941,A.D. 2021-03-21 19:36:53.76 TDB,215.7760,2459295.242366716,5.79749221,48.216272,0.0086,0.0086
ganymede,2459302.334641677,A.D. 2021-03-28 20:01:53.04 TDB,2459302.484585308,A.D. 2021-03-28 23:37:48.17 TDB,215.9188,2459302.409613492,5.71997730,47.571601,0.0086,0.0086
ganymede,2459309.501641036,A.D. 2021-04-05 00:02:21.79 TDB,2459309.651631457,A.D. 2021-04-05 03:38:20.96 TDB,215.9862,2459309.576636246,5.63486188,46.863717,0.0086,0.0086
ganymede,2459316.668398353,A.D. 2021-04-12 04:02:29.62 TDB,2459316.818462446,A.D. 2021-04-12 07:38:35.16 TDB,216.0923,2459316.743430399,5.54281768,46.098209,0.0086,0.0086
ganymede,2459323.835028972,A.D. 2021-04-19 08:02:26.50 TDB,2459323.985147554,A.D. 2021-04-19 11:38:36.75 TDB,216.1708,2459323.910088263,5.44472004,45.282356,0.0086,0.0086
ganymede,2459331.001784035,A.D. 2021-04-26 12:02:34.14 TDB,2459331.151994469,A.D. 2021-04-26 15:38:52.32 TDB,216.3030,2459331.076889252,5.34157705,44.424542,0.0086,0.0086
ganymede,2459338.168907930,A.D. 2021-05-03 16:03:13.65 TDB,2459338.319162962,A.D. 2021-05-03 19:39:35.68 TDB,216.3672,2459338.244035446,5.23437478,43.532968,0.0086,0.0086
ganymede,2459345.336189728,A.D. 2021-05-10 20:04:06.79 TDB,2459345.486481956,A.D. 2021-05-10 23:40:32.04 TDB,216.4208,2459345.411335842,5.12410348,42.615869,0.0086,0.0086
ganymede,2459352.503420279,A.D. 2021-05-18 00:04:55.51 TDB,2459352.653723167,A.D. 2021-05-18 03:41:21.68 TDB,216.4362,2459352.578571723,5.01197414,41.683318,0.0086,0.0086
ganymede,2459359.670435150,A.D. 2021-05-25 04:05:25.60 TDB,2459359.820696533,A.D. 2021-05-25 07:41:48.18 TDB,216.3764,2459359.745565841,4.89931944,40.746397,0.0086,0.0086
ganymede,2459366.837216067,A.D. 2021-06-01 08:05:35.47 TDB,2459366.987465146,A.D. 2021-06-01 11:41:56.99 TDB,216.3587,2459366.912340606,4.78741820,39.815743,0.0086,0.0086
ganymede,2459374.003901774,A.D. 2021-06-08 12:05:37.11 TDB,2459374.154120705,A.D. 2021-06-08 15:41:56.03 TDB,216.3153,2459374.079011240,4.67758464,38.902285,0.0086,0.0086
ganymede,2459381.170727262,A.D. 2021-06-15 16:05:50.84 TDB,2459381.320952112,A.D. 2021-06-15 19:42:10.26 TDB,216.3238,2459381.245839687,4.57133380,38.018624,0.0086,0.0086
ganymede,2459388.337922294,A.D. 2021-06-22 20:06:36.49 TDB,2459388.488104642,A.D. 2021-06-22 23:42:52.24 TDB,216.2626,2459388.413013468,4.47025141,37.177947,0.0086,0.0086
ganymede,2459395.505271981,A.D. 2021-06-30 00:07:35.50 TDB,2459395.655402243,A.D. 2021-06-30 03:43:46.75 TDB,216.1876,2459395.580337112,4.37581452,36.392540,0.0086,0.0086
ganymede,2459402.672555072,A.D. 2021-07-07 04:08:28.76 TDB,2459402.822609244,A.D. 2021-07-07 07:44:33.44 TDB,216.0780,2459402.747582158,4.28951202,35.674784,0.0086,0.0086
ganymede,2459409.839610825,A.D. 2021-07-14 08:09:02.38 TDB,2459409.989536959,A.D. 2021-07-14 11:44:55.99 TDB,215.8936,2459409.914573892,4.21294113,35.037963,0.0086,0.0086
ganymede,2459417.006444071,A.D. 2021-07-21 12:09:16.77 TDB,2459417.156273702,A.D. 2021-07-21 15:45:02.05 TDB,215.7547,2459417.081358887,4.14758833,34.494440,0.0086,0.0086
ganymede,2459424.173217743,A.D. 2021-07-28 16:09:26.01 TDB,2459424.322933750,A.D. 2021-07-28 19:45:01.48 TDB,215.5911,2459424.248075746,4.09466747,34.054311,0.0086,0.0086
ganymede,2459431.340147805,A.D. 2021-08-04 20:09:48.77 TDB,2459431.489785088,A.D. 2021-08-04 23:45:17.43 TDB,215.4777,2459431.414966446,4.05525832,33.726555,0.0086,0.0086
ganymede,2459438.507447682,A.D. 2021-08-12 00:10:43.48 TDB,2459438.656956834,A.D. 2021-08-12 03:46:01.07 TDB,215.2932,2459438.582202258,4.03032859,33.519221,0.0086,0.0086
ganymede,2459445.674899321,A.D. 2021-08-19 04:11:51.30 TDB,2459445.824268417,A.D. 2021-08-19 07:46:56.79 TDB,215.0915,2459445.749583869,4.02048108,33.437322,0.0086,0.0086
ganymede,2459452.842273091,A.D. 2021-08-26 08:12:52.40 TDB,2459452.991480409,A.D. 2021-08-26 11:47:43.91 TDB,214.8585,2459452.916876750,4.02586455,33.482094,0.0086,0.0086
ganymede,2459460.009411161,A.D. 2021-09-02 12:13:33.12 TDB,2459460.158404715,A.D. 2021-09-02 15:48:06.17 TDB,214.5507,2459460.083907939,4.04639431,33.652835,0.0086,0.0086
ganymede,2459467.176339967,A.D. 2021-09-09 16:13:55.77 TDB,2459467.325153195,A.D. 2021-09-09 19:48:13.24 TDB,214.2910,2459467.250746581,4.08172574,33.946678,0.0086,0.0086
ganymede,2459474.343246733,A.D. 2021-09-16 20:14:16.52 TDB,2459474.491861891,A.D. 2021-09-16 23:48:16.87 TDB,214.0058,2459474.417554312,4.13109089,34.357235,0.0086,0.0086
ganymede,2459481.510325340,A.D. 2021-09-24 00:14:52.11 TDB,2459481.658775781,A.D. 2021-09-24 03:48:38.23 TDB,213.7686,2459481.584550560,4.19334890,34.875019,0.0086,0.0086
ganymede,2459488.677771021,A.D. 2021-10-01 04:15:59.42 TDB,2459488.826006590,A.D. 2021-10-01 07:49:26.97 TDB,213.4592,2459488.751888806,4.26727819,35.489870,0.0086,0.0086
ganymede,2459495.845362603,A.D. 2021-10-08 08:17:19.33 TDB,2459495.993369691,A.D. 2021-10-08 11:50:27.14 TDB,213.1302,2459495.919366147,4.35151472,36.190444,0.0086,0.0086
ganymede,2459503.012866129,A.D. 2021-10-15 12:18:31.63 TDB,2459503.160626093,A.D. 2021-10-15 15:51:18.09 TDB,212.7743,2459503.086746111,4.44444077,36.963287,0.0086,0.0086
ganymede,2459510.180127177,A.D. 2021-10-22 16:19:22.99 TDB,2459510.327588374,A.D. 2021-10-22 19:51:43.64 TDB,212.3441,2459510.253857776,4.54434184,37.794139,0.0086,0.0086
ganymede,2459517.347193488,A.D. 2021-10-29 20:19:57.52 TDB,2459517.494390964,A.D. 2021-10-29 23:51:55.38 TDB,211.9644,2459517.420792226,4.64962756,38.669773,0.0086,0.0086
ganymede,2459524.514275503,A.D. 2021-11-06 00:20:33.40 TDB,2459524.661189609,A.D. 2021-11-06 03:52:06.78 TDB,211.5563,2459524.587732556,4.75872994,39.577150,0.0086,0.0086
ganymede,2459531.681543042,A.D. 2021-11-13 04:21:25.32 TDB,2459531.828205350,A.D. 2021-11-13 07:52:36.94 TDB,211.1937,2459531.754874196,4.86997154,40.502318,0.0086,0.0086
ganymede,2459538.849170653,A.D. 2021-11-20 08:22:48.34 TDB,2459538.995530221,A.D. 2021-11-20 11:53:33.81 TDB,210.7578,2459538.922350437,4.98176382,41.432066,0.0086,0.0086
ganymede,2459546.016933539,A.D. 2021-11-27 12:24:23.06 TDB,2459546.162974905,A.D. 2021-11-27 15:54:41.03 TDB,210.2996,2459546.089954222,5.09272368,42.354891,0.0086,0.0086
ganymede,2459553.184596835,A.D. 2021-12-04 16:25:49.17 TDB,2459553.330304447,A.D. 2021-12-04 19:55:38.30 TDB,209.8190,2459553.257450641,5.20152810,43.259790,0.0086,0.0086
ganymede,2459560.352009840,A.D. 2021-12-11 20:26:53.65 TDB,2459560.497332633,A.D. 2021-12-11 23:56:09.54 TDB,209.2648,2459560.424671236,5.30681607,44.135443,0.0086,0.0086
ganymede,2459567.519240854,A.D. 2021-12-19 00:27:42.41 TDB,2459567.664215692,A.D. 2021-12-19 03:56:28.24 TDB,208.7638,2459567.591728273,5.40738730,44.971869,0.0086,0.0086
ganymede,2459574.686522342,A.D. 2021-12-26 04:28:35.53 TDB,2459574.831127169,A.D. 2021-12-26 07:56:49.39 TDB,208.2310,2459574.758824755,5.50227305,45.761010,0.0086,0.0086
ganymede,2459581.853998920,A.D. 2022-01-02 08:29:45.51 TDB,2459581.998263841,A.D. 2022-01-02 11:57:30.00 TDB,207.7415,2459581.926131381,5.59054482,46.495143,0.0086,0.0086
ganymede,2459589.021821074,A.D. 2022-01-09 12:31:25.34 TDB,2459589.165694621,A.D. 2022-01-09 15:58:36.02 TDB,207.1779,2459589.093757847,5.67125886,47.166422,0.0086,0.0086
ganymede,2459596.189760876,A.D. 2022-01-16 16:33:15.34 TDB,2459596.333225725,A.D. 2022-01-16 19:59:50.70 TDB,206.5894,2459596.261493301,5.74365817,47.768548,0.0086,0.0086
ganymede,2459603.357585316,A.D. 2022-01-23 20:34:55.37 TDB,2459603.500629009,A.D. 2022-01-24 00:00:54.35 TDB,205.9829,2459603.429107162,5.80719247,48.296947,0.0086,0.0086
ganymede,2459610.525147635,A.D. 2022-01-31 00:36:12.76 TDB,2459610.667719621,A.D. 2022-01-31 04:01:30.98 TDB,205.3037,2459610.596433628,5.86134379,48.747310,0.0086,0.0086
ganymede,2459617.692536930,A.D. 2022-02-07 04:37:15.19 TDB,2459617.834675676,A.D. 2022-02-07 08:01:55.98 TDB,204.6798,2459617.763606303,5.90558273,49.115234,0.0086,0.0086
ganymede,2459624.860006867,A.D. 2022-02-14 08:38:24.59 TDB,2459625.001687082,A.D. 2022-02-14 12:02:25.76 TDB,204.0195,2459624.930846974,5.93959551,49.398110,0.0086,0.0086
ganymede,2459632.027674648,A.D. 2022-02-21 12:39:51.09 TDB,2459632.168925321,A.D. 2022-02-21 16:03:15.15 TDB,203.4010,2459632.098299984,5.96323294,49.594696,0.0086,0.0086
ganymede,2459639.195663161,A.D. 2022-02-28 16:41:45.30 TDB,2459639.336433432,A.D. 2022-02-28 20:04:27.85 TDB,202.7092,2459639.266048296,5.97635134,49.703798,0.0086,0.0086
ganymede,2459646.363743144,A.D. 2022-03-07 20:43:47.41 TDB,2459646.504014899,A.D. 2022-03-08 00:05:46.89 TDB,201.9913,2459646.433879022,5.97880194,49.724179,0.0086,0.0086
ganymede,2459653.531685204,A.D. 2022-03-15 00:45:37.60 TDB,2459653.671449565,A.D. 2022-03-15 04:06:53.24 TDB,201.2607,2459653.601567385,5.97064995,49.656381,0.0086,0.0086
ganymede,2459660.699347097,A.D. 2022-03-22 04:47:03.59 TDB,2459660.838553755,A.D. 2022-03-22 08:07:31.04 TDB,200.4576,2459660.768950426,5.95210571,49.502154,0.0086,0.0086
ganymede,2459667.866840160,A.D. 2022-03-29 08:48:14.99 TDB,2459668.005528663,A.D. 2022-03-29 12:07:57.68 TDB,199.7114,2459667.936184411,5.92334463,49.262955,0.0086,0.0086
ganymede,2459675.034438887,A.D. 2022-04-05 12:49:35.52 TDB,2459675.172579896,A.D. 2022-04-05 16:08:30.90 TDB,198.9231,2459675.103509392,5.88455721,48.940370,0.0086,0.0086
ganymede,2459682.202230828,A.D. 2022-04-12 16:51:12.74 TDB,2459682.339852628,A.D. 2022-04-12 20:09:23.27 TDB,198.1754,2459682.271041728,5.83613314,48.537639,0.0086,0.0086
ganymede,2459689.370309694,A.D. 2022-04-19 20:53:14.76 TDB,2459689.507363190,A.D. 2022-04-20 00:10:36.18 TDB,197.3570,2459689.438836442,5.77857803,48.058968,0.0086,0.0086
ganymede,2459696.538446478,A.D. 2022-04-27 00:55:21.78 TDB,2459696.674914184,A.D. 2022-04-27 04:11:52.59 TDB,196.5135,2459696.606680331,5.71234272,47.508106,0.0086,0.0086
ganymede,2459703.706416424,A.D. 2022-05-04 04:57:14.38 TDB,2459703.842295088,A.D. 2022-05-04 08:12:54.30 TDB,195.6653,2459703.774355756,5.63791306,46.889093,0.0086,0.0086
ganymede,2459710.874084664,A.D. 2022-05-11 08:58:40.91 TDB,2459711.009326580,A.D. 2022-05-11 12:13:25.82 TDB,194.7484,2459710.941705622,5.55598500,46.207718,0.0086,0.0086
ganymede,2459718.041588387,A.D. 2022-05-18 12:59:53.24 TDB,2459718.176236754,A.D. 2022-05-18 16:13:46.86 TDB,193.8936,2459718.108912570,5.46733433,45.470433,0.0086,0.0086
ganymede,2459725.209225018,A.D. 2022-05-25 17:01:17.04 TDB,2459725.343248229,A.D. 2022-05-25 20:14:16.65 TDB,192.9934,2459725.276236624,5.37267536,44.683178,0.0086,0.0086
ganymede,2459732.377054928,A.D. 2022-06-01 21:02:57.55 TDB,2459732.510482336,A.D. 2022-06-02 00:15:05.67 TDB,192.1355,2459732.443768632,5.27278792,43.852440,0.0086,0.0086
ganymede,2459739.545145245,A.D. 2022-06-09 01:05:00.55 TDB,2459739.677930923,A.D. 2022-06-09 04:16:13.23 TDB,191.2114,2459739.611538084,5.16867156,42.986531,0.0086,0.0086
ganymede,2459746.713268813,A.D. 2022-06-16 05:07:06.43 TDB,2459746.845396664,A.D. 2022-06-16 08:17:22.27 TDB,190.2641,2459746.779332738,5.06140108,42.094389,0.0086,0.0086
ganymede,2459753.881205323,A.D. 2022-06-23 09:08:56.14 TDB,2459754.012677827,A.D. 2022-06-23 12:18:15.36 TDB,189.3204,2459753.946941575,4.95199206,41.184462,0.0086,0.0086
ganymede,2459761.048828812,A.D. 2022-06-30 13:10:18.81 TDB,2459761.179600168,A.D. 2022-06-30 16:18:37.45 TDB,188.3108,2459761.114214490,4.84158312,40.266219,0.0086,0.0086
ganymede,2459768.216300346,A.D. 2022-07-07 17:11:28.35 TDB,2459768.346416686,A.D. 2022-07-07 20:18:50.40 TDB,187.3675,2459768.281358516,4.73151939,39.350847,0.0086,0.0086
ganymede,2459775.383936597,A.D. 2022-07-14 21:12:52.12 TDB,2459775.513363243,A.D. 2022-07-15 00:19:14.58 TDB,186.3744,2459775.448649920,4.62320021,38.449984,0.0086,0.0086
ganymede,2459782.551771732,A.D. 2022-07-22 01:14:33.08 TDB,2459782.680539391,A.D. 2022-07-22 04:19:58.60 TDB,185.4254,2459782.616155562,4.51795911,37.574720,0.0086,0.0086
ganymede,2459789.719848800,A.D. 2022-07-29 05:16:34.94 TDB,2459789.847915775,A.D. 2022-07-29 08:20:59.92 TDB,184.4164,2459789.783882287,4.41728215,36.737415,0.0086,0.0086
ganymede,2459796.887943016,A.D. 2022-08-05 09:18:38.28 TDB,2459797.015295204,A.D. 2022-08-05 12:22:01.51 TDB,183.3872,2459796.951619110,4.32282063,35.951803,0.0086,0.0086
ganymede,2459804.055839085,A.D. 2022-08-12 13:20:24.50 TDB,2459804.182484610,A.D. 2022-08-12 16:22:46.67 TDB,182.3696,2459804.119161847,4.23618197,35.231251,0.0086,0.0086
ganymede,2459811.223422132,A.D. 2022-08-19 17:21:43.67 TDB,2459811.349316247,A.D. 2022-08-19 20:23:00.92 TDB,181.2875,2459811.286369189,4.15883763,34.587998,0.0086,0.0086
ganymede,2459818.390872804,A.D. 2022-08-26 21:22:51.41 TDB,2459818.516064021,A.D. 2022-08-27 00:23:07.93 TDB,180.2754,2459818.453468413,4.09230999,34.034704,0.0086,0.0086
ganymede,2459825.558522960,A.D. 2022-09-03 01:24:16.38 TDB,2459825.682972861,A.D. 2022-09-03 04:23:28.86 TDB,179.2079,2459825.620747910,4.03809704,33.583829,0.0086,0.0086
ganymede,2459832.726381016,A.D. 2022-09-10 05:25:59.32 TDB,2459832.850121366,A.D. 2022-09-10 08:24:10.49 TDB,178.1861,2459832.788251191,3.99741142,33.245457,0.0086,0.0086
ganymede,2459839.894467170,A.D. 2022-09-17 09:28:01.96 TDB,2459840.017460534,A.D. 2022-09-17 12:25:08.59 TDB,177.1104,2459839.955963852,3.97114556,33.027011,0.0086,0.0086
ganymede,2459847.062558024,A.D. 2022-09-24 13:30:05.01 TDB,2459847.184792255,A.D. 2022-09-24 16:26:06.05 TDB,176.0173,2459847.123675140,3.96004061,32.934653,0.0086,0.0086
ganymede,2459854.230445220,A.D. 2022-10-01 17:31:50.47 TDB,2459854.351934027,A.D. 2022-10-01 20:26:47.10 TDB,174.9439,2459854.291189624,3.96453550,32.972036,0.0086,0.0086
ganymede,2459861.398026787,A.D. 2022-10-08 21:33:09.51 TDB,2459861.518725840,A.D. 2022-10-09 00:26:57.91 TDB,173.8066,2459861.458376314,3.98456876,33.138648,0.0086,0.0086
ganymede,2459868.565498699,A.D. 2022-10-16 01:34:19.09 TDB,2459868.685458739,A.D. 2022-10-16 04:27:03.64 TDB,172.7425,2459868.625478719,4.01967487,33.430616,0.0086,0.0086
ganymede,2459875.733204844,A.D. 2022-10-23 05:35:48.90 TDB,2459875.852383451,A.D. 2022-10-23 08:27:25.93 TDB,171.6172,2459875.792794148,4.06920013,33.842506,0.0086,0.0086
ganymede,2459882.901127636,A.D. 2022-10-30 09:37:37.43 TDB,2459883.019557597,A.D. 2022-10-30 12:28:09.78 TDB,170.5391,2459882.960342617,4.13216258,34.366148,0.0086,0.0086
ganymede,2459890.069264253,A.D. 2022-11-06 13:39:44.43 TDB,2459890.186912696,A.D. 2022-11-06 16:29:09.26 TDB,169.4138,2459890.128088474,4.20718228,34.990068,0.0086,0.0086
ganymede,2459897.237392012,A.D. 2022-11-13 17:41:50.67 TDB,2459897.354248897,A.D. 2022-11-13 20:30:07.10 TDB,168.2739,2459897.295820454,4.29271298,35.701405,0.0086,0.0086
ganymede,2459904.405312171,A.D. 2022-11-20 21:43:38.97 TDB,2459904.521396785,A.D. 2022-11-21 00:30:48.68 TDB,167.1618,2459904.463354478,4.38721068,36.487319,0.0086,0.0086
ganymede,2459911.572936300,A.D. 2022-11-28 01:45:01.70 TDB,2459911.688203962,A.D. 2022-11-28 04:31:00.82 TDB,165.9854,2459911.630570131,4.48901185,37.333973,0.0086,0.0086
ganymede,2459918.740472047,A.D. 2022-12-05 05:46:16.78 TDB,2459918.854975777,A.D. 2022-12-05 08:31:09.91 TDB,164.8854,2459918.797723912,4.59629049,38.226182,0.0086,0.0086
ganymede,2459925.908271963,A.D. 2022-12-12 09:47:54.70 TDB,2459926.021966014,A.D. 2022-12-12 12:31:37.86 TDB,163.7194,2459925.965118988,4.70733391,39.149702,0.0086,0.0086
ganymede,2459933.076292988,A.D. 2022-12-19 13:49:51.71 TDB,2459933.189212394,A.D. 2022-12-19 16:32:27.95 TDB,162.6039,2459933.132752691,4.82057266,40.091480,0.0086,0.0086
ganymede,2459940.244510284,A.D. 2022-12-26 17:52:05.69 TDB,2459940.356628141,A.D. 2022-12-26 20:33:32.67 TDB,161.4497,2459940.300569213,4.93443993,41.038485,0.0086,0.0086
ganymede,2459947.412701972,A.D. 2023-01-02 21:54:17.45 TDB,2459947.524011170,A.D. 2023-01-03 00:34:34.57 TDB,160.2852,2459947.468356571,5.04733861,41.977435,0.0086,0.0086
ganymede,2459954.580682064,A.D. 2023-01-10 01:56:10.93 TDB,2459954.691207981,A.D. 2023-01-10 04:35:20.37 TDB,159.1573,2459954.635945023,5.15789598,42.896913,0.0086,0.0086
ganymede,2459961.748376536,A.D. 2023-01-17 05:57:39.73 TDB,2459961.858073840,A.D. 2023-01-17 08:35:37.58 TDB,157.9641,2459961.803225188,5.26493064,43.787093,0.0086,0.0086
ganymede,2459968.916001589,A.D. 2023-01-24 09:59:02.54 TDB,2459969.024926082,A.D. 2023-01-24 12:35:53.61 TDB,156.8513,2459968.970463836,5.36727808,44.638291,0.0086,0.0086
ganymede,2459976.083913995,A.D. 2023-01-31 14:00:50.17 TDB,2459976.192017479,A.D. 2023-01-31 16:36:30.31 TDB,155.6690,2459976.137965737,5.46380507,45.441081,0.0086,0.0086
ganymede,2459983.252046554,A.D. 2023-02-07 18:02:56.82 TDB,2459983.359367223,A.D. 2023-02-07 20:37:29.33 TDB,154.5418,2459983.305706888,5.55361805,46.188033,0.0086,0.0086
ganymede,2459990.420352063,A.D. 2023-02-14 22:05:18.42 TDB,2459990.526870195,A.D. 2023-02-15 00:38:41.58 TDB,153.3861,2459990.473611129,5.63598841,46.873086,0.0086,0.0086
ganymede,2459997.588608886,A.D. 2023-02-22 02:07:35.81 TDB,2459997.694321325,A.D. 2023-02-22 04:39:49.36 TDB,152.2259,2459997.641465105,5.71018474,47.490158,0.0086,0.0086
ganymede,2460004.756647832,A.D. 2023-03-01 06:09:34.37 TDB,2460004.861587076,A.D. 2023-03-01 08:40:41.12 TDB,151.1125,2460004.809117454,5.77551958,48.033532,0.0086,0.0086
ganymede,2460011.924411851,A.D. 2023-03-08 10:11:09.18 TDB,2460012.028531945,A.D. 2023-03-08 12:41:05.16 TDB,149.9329,2460011.976471898,5.83155955,48.499602,0.0086,0.0086
ganymede,2460019.092122358,A.D. 2023-03-15 14:12:39.37 TDB,2460019.195482532,A.D. 2023-03-15 16:41:29.69 TDB,148.8387,2460019.143802444,5.87798717,48.885729,0.0086,0.0086
ganymede,2460026.260135804,A.D. 2023-03-22 18:14:35.73 TDB,2460026.362686512,A.D. 2023-03-22 20:42:16.11 TDB,147.6730,2460026.311411158,5.91446320,49.189091,0.0086,0.0086
ganymede,2460033.428362756,A.D. 2023-03-29 22:16:50.54 TDB,2460033.530146163,A.D. 2023-03-30 00:43:24.63 TDB,146.5681,2460033.479254459,5.94069331,49.407240,0.0086,0.0086
ganymede,2460040.596731864,A.D. 2023-04-06 02:19:17.63 TDB,2460040.697736342,A.D. 2023-04-06 04:44:44.42 TDB,145.4464,2460040.647234103,5.95661792,49.539681,0.0086,0.0086
ganymede,2460047.765021464,A.D. 2023-04-13 06:21:37.85 TDB,2460047.865248205,A.D. 2023-04-13 08:45:57.44 TDB,144.3265,2460047.815134834,5.96225752,49.586584,0.0086,0.0086
ganymede,2460054.933082760,A.D. 2023-04-20 10:23:38.35 TDB,2460055.032571705,A.D. 2023-04-20 12:46:54.20 TDB,143.2641,2460054.982827233,5.95757934,49.547677,0.0086,0.0086
ganymede,2460062.100878106,A.D. 2023-04-27 14:25:15.87 TDB,2460062.199582118,A.D. 2023-04-27 16:47:23.90 TDB,142.1338,2460062.150230112,5.94262751,49.423326,0.0086,0.0086
ganymede,2460069.268630740,A.D. 2023-05-04 18:26:49.70 TDB,2460069.366612965,A.D. 2023-05-04 20:47:55.36 TDB,141.0944,2460069.317621852,5.91764666,49.215567,0.0086,0.0086
ganymede,2460076.436693646,A.D. 2023-05-11 22:28:50.33 TDB,2460076.533904739,A.D. 2023-05-12 00:48:49.37 TDB,139.9840,2460076.485299192,5.88293439,48.926873,0.0086,0.0086
ganymede,2460083.604957351,A.D. 2023-05-19 02:31:08.32 TDB,2460083.701444273,A.D. 2023-05-19 04:50:04.79 TDB,138.9412,2460083.653200812,5.83871251,48.559091,0.0086,0.0086
ganymede,2460090.773324440,A.D. 2023-05-26 06:33:35.23 TDB,2460090.869084141,A.D. 2023-05-26 08:51:28.87 TDB,137.8940,2460090.821204290,5.78530647,48.114927,0.0086,0.0086
ganymede,2460097.941573624,A.D. 2023-06-02 10:35:51.96 TDB,2460098.036611345,A.D. 2023-06-02 12:52:43.22 TDB,136.8543,2460097.989092485,5.72323440,47.598689,0.0086,0.0086
ganymede,2460105.109577872,A.D. 2023-06-09 14:37:47.53 TDB,2460105.203940806,A.D. 2023-06-09 16:53:40.49 TDB,135.8826,2460105.156759339,5.65304110,47.014909,0.0086,0.0086
ganymede,2460112.277320305,A.D. 2023-06-16 18:39:20.47 TDB,2460112.370959470,A.D. 2023-06-16 20:54:10.90 TDB,134.8404,2460112.324139887,5.57520647,46.367578,0.0086,0.0086
ganymede,2460119.445024344,A.D. 2023-06-23 22:40:50.10 TDB,2460119.538006961,A.D. 2023-06-24 00:54:43.80 TDB,133.8950,2460119.491515653,5.49033837,45.661752,0.0086,0.0086
ganymede,2460126.613038125,A.D. 2023-07-01 02:42:46.49 TDB,2460126.705316393,A.D. 2023-07-01 04:55:39.34 TDB,132.8807,2460126.659177259,5.39923404,44.904060,0.0086,0.0086
ganymede,2460133.781234203,A.D. 2023-07-08 06:44:58.64 TDB,2460133.872860559,A.D. 2023-07-08 08:56:55.15 TDB,131.9420,2460133.827047381,5.30270830,44.101280,0.0086,0.0086
ganymede,2460140.949489974,A.D. 2023-07-15 10:47:15.93 TDB,2460141.040471038,A.D. 2023-07-15 12:58:16.70 TDB,131.0127,2460140.994980506,5.20153469,43.259845,0.0086,0.0086
ganymede,2460148.117588021,A.D. 2023-07-22 14:49:19.61 TDB,2460148.207933750,A.D. 2023-07-22 16:59:25.48 TDB,130.0978,2460148.162760885,5.09667589,42.387761,0.0086,0.0086
ganymede,2460155.285426008,A.D. 2023-07-29 18:51:00.81 TDB,2460155.375191587,A.D. 2023-07-29 21:00:16.55 TDB,129.2624,2460155.330308797,4.98927711,41.494552,0.0086,0.0086
ganymede,2460162.453011472,A.D. 2023-08-05 22:52:20.19 TDB,2460162.542146245,A.D. 2023-08-06 01:00:41.44 TDB,128.3541,2460162.497578858,4.88050190,40.589897,0.0086,0.0086
ganymede,2460169.620569027,A.D. 2023-08-13 02:53:37.16 TDB,2460169.709144473,A.D. 2023-08-13 05:01:10.08 TDB,127.5486,2460169.664856750,4.77149207,39.683289,0.0086,0.0086
ganymede,2460176.788441843,A.D. 2023-08-20 06:55:21.38 TDB,2460176.876412924,A.D. 2023-08-20 09:02:02.08 TDB,126.6784,2460176.832427383,4.66362290,38.786169,0.0086,0.0086
ganymede,2460183.956487041,A.D. 2023-08-27 10:57:20.48 TDB,2460184.043911431,A.D. 2023-08-27 13:03:13.95 TDB,125.8911,2460184.000199236,4.55843397,37.911339,0.0086,0.0086
ganymede,2460191.124558277,A.D. 2023-09-03 14:59:21.84 TDB,2460191.211451862,A.D. 2023-09-03 17:04:29.44 TDB,125.1268,2460191.168005069,4.45744929,37.071475,0.0086,0.0086
ganymede,2460198.292442911,A.D. 2023-09-10 19:01:07.07 TDB,2460198.378819157,A.D. 2023-09-10 21:05:29.98 TDB,124.3818,2460198.335631034,4.36218323,36.279172,0.0086,0.0086
ganymede,2460205.460060738,A.D. 2023-09-17 23:02:29.25 TDB,2460205.545981817,A.D. 2023-09-18 01:06:12.83 TDB,123.7264,2460205.503021277,4.27433815,35.548586,0.0086,0.0086
ganymede,2460212.627444303,A.D. 2023-09-25 03:03:31.19 TDB,2460212.712857421,A.D. 2023-09-25 05:06:30.88 TDB,122.9949,2460212.670150862,4.19565739,34.894219,0.0086,0.0086
ganymede,2460219.794817334,A.D. 2023-10-02 07:04:32.22 TDB,2460219.879797980,A.D. 2023-10-02 09:06:54.55 TDB,122.3721,2460219.837307657,4.12770015,34.329035,0.0086,0.0086
ganymede,2460226.962515825,A.D. 2023-10-09 11:06:01.37 TDB,2460227.047022821,A.D. 2023-10-09 13:07:42.77 TDB,121.6901,2460227.004769323,4.07189648,33.864930,0.0086,0.0086
ganymede,2460234.130384958,A.D. 2023-10-16 15:07:45.26 TDB,2460234.214480330,A.D. 2023-10-16 17:08:51.10 TDB,121.0973,2460234.172432644,4.02965737,33.513638,0.0086,0.0086
ganymede,2460241.298258314,A.D. 2023-10-23 19:09:29.52 TDB,2460241.381966145,A.D. 2023-10-23 21:10:01.87 TDB,120.5393,2460241.340112229,4.00214354,33.284813,0.0086,0.0086
ganymede,2460248.465928226,A.D. 2023-10-30 23:10:56.20 TDB,2460248.549263744,A.D. 2023-10-31 01:10:56.39 TDB,120.0031,2460248.507595985,3.99006251,33.184338,0.0086,0.0086
ganymede,2460255.633333890,A.D. 2023-11-07 03:12:00.05 TDB,2460255.716364689,A.D. 2023-11-07 05:11:33.91 TDB,119.5643,2460255.674849289,3.99378822,33.215324,0.0086,0.0086
ganymede,2460262.800533766,A.D. 2023-11-14 07:12:46.12 TDB,2460262.883204377,A.D. 2023-11-14 09:11:48.86 TDB,119.0457,2460262.841869072,4.01344803,33.378829,0.0086,0.0086
ganymede,2460269.967746552,A.D. 2023-11-21 11:13:33.30 TDB,2460270.050135084,A.D. 2023-11-21 13:12:11.67 TDB,118.6395,2460270.008940818,4.04870867,33.672083,0.0086,0.0086
ganymede,2460277.135296538,A.D. 2023-11-28 15:14:49.62 TDB,2460277.217365676,A.D. 2023-11-28 17:13:00.39 TDB,118.1796,2460277.176331107,4.09873367,34.088129,0.0086,0.0086
ganymede,2460284.303019334,A.D. 2023-12-05 19:16:20.87 TDB,2460284.384833621,A.D. 2023-12-05 21:14:09.62 TDB,117.8126,2460284.343926477,4.16243313,34.617901,0.0086,0.0086
ganymede,2460291.470732546,A.D. 2023-12-12 23:17:51.29 TDB,2460291.552322469,A.D. 2023-12-13 01:15:20.66 TDB,117.4895,2460291.511527508,4.23854949,35.250941,0.0086,0.0086
ganymede,2460298.638232717,A.D. 2023-12-20 03:19:03.31 TDB,2460298.719613100,A.D. 2023-12-20 05:16:14.57 TDB,117.1878,2460298.678922909,4.32552283,35.974276,0.0086,0.0086
ganymede,2460305.805477296,A.D. 2023-12-27 07:19:53.24 TDB,2460305.886719157,A.D. 2023-12-27 09:16:52.54 TDB,116.9883,2460305.846098226,4.42155051,36.772914,0.0086,0.0086
ganymede,2460312.972550791,A.D. 2024-01-03 11:20:28.39 TDB,2460313.053595832,A.D. 2024-01-03 13:17:10.68 TDB,116.7049,2460313.013073311,4.52489526,37.632406,0.0086,0.0086
ganymede,2460320.139662554,A.D. 2024-01-10 15:21:06.84 TDB,2460320.220589848,A.D. 2024-01-10 17:17:38.96 TDB,116.5353,2460320.180126201,4.63386140,38.538650,0.0086,0.0086
ganymede,2460327.307120812,A.D. 2024-01-17 19:22:15.24 TDB,2460327.387896757,A.D. 2024-01-17 21:18:34.28 TDB,116.3174,2460327.347508784,4.74667441,39.476887,0.0086,0.0086
ganymede,2460334.474752656,A.D. 2024-01-24 23:23:38.63 TDB,2460334.555442229,A.D. 2024-01-25 01:19:50.21 TDB,116.1930,2460334.515097442,4.86154444,40.432232,0.0086,0.0086
ganymede,2460341.642362397,A.D. 2024-02-01 03:25:00.11 TDB,2460341.723000398,A.D. 2024-02-01 05:21:07.23 TDB,116.1187,2460341.682681398,4.97692211,41.391799,0.0086,0.0086
ganymede,2460348.809749522,A.D. 2024-02-08 07:26:02.36 TDB,2460348.890348274,A.D. 2024-02-08 09:22:06.09 TDB,116.0622,2460348.850048898,5.09138893,42.343791,0.0086,0.0086
ganymede,2460355.976889423,A.D. 2024-02-15 11:26:43.25 TDB,2460356.057521610,A.D. 2024-02-15 13:22:49.87 TDB,116.1103,2460356.017205517,5.20351674,43.276329,0.0086,0.0086
ganymede,2460363.143891723,A.D. 2024-02-22 15:27:12.24 TDB,2460363.224497269,A.D. 2024-02-22 17:23:16.56 TDB,116.0720,2460363.184194496,5.31197856,44.178379,0.0086,0.0086
ganymede,2460370.310954629,A.D. 2024-02-29 19:27:46.48 TDB,2460370.391612555,A.D. 2024-02-29 21:23:55.32 TDB,116.1474,2460370.351283592,5.41571339,45.041115,0.0086,0.0086
ganymede,2460377.478367260,A.D. 2024-03-07 23:28:50.93 TDB,2460377.559047895,A.D. 2024-03-08 01:25:01.74 TDB,116.1801,2460377.518707578,5.51378169,45.856724,0.0086,0.0086
ganymede,2460384.645949554,A.D. 2024-03-15 03:30:10.04 TDB,2460384.726716513,A.D. 2024-03-15 05:26:28.31 TDB,116.3044,2460384.686333034,5.60521895,46.617185,0.0086,0.0086
ganymede,2460391.813495419,A.D. 2024-03-22 07:31:26.00 TDB,2460391.894385993,A.D. 2024-03-22 09:27:54.95 TDB,116.4824,2460391.853940706,5.68918471,47.315506,0.0086,0.0086
ganymede,2460398.980806654,A.D. 2024-03-29 11:32:21.69 TDB,2460399.061829184,A.D. 2024-03-29 13:29:02.04 TDB,116.6724,2460399.021317919,5.76508949,47.946787,0.0086,0.0086
ganymede,2460406.147876746,A.D. 2024-04-05 15:32:56.55 TDB,2460406.229104130,A.D. 2024-04-05 17:29:54.60 TDB,116.9674,2460406.188490438,5.83241458,48.506713,0.0086,0.0086
ganymede,2460413.314838750,A.D. 2024-04-12 19:33:22.07 TDB,2460413.396210503,A.D. 2024-04-12 21:30:32.59 TDB,117.1753,2460413.355524627,5.89061474,48.990749,0.0086,0.0086
ganymede,2460420.481878313,A.D. 2024-04-19 23:33:54.29 TDB,2460420.563472200,A.D. 2024-04-20 01:31:24.00 TDB,117.4952,2460420.522675256,5.93926637,49.395372,0.0086,0.0086
ganymede,2460427.649261501,A.D. 2024-04-27 03:34:56.19 TDB,2460427.731051659,A.D. 2024-04-27 05:32:42.86 TDB,117.7778,2460427.690156580,5.97816433,49.718877,0.0086,0.0086
ganymede,2460434.816803631,A.D. 2024-05-04 07:36:11.83 TDB,2460434.898850518,A.D. 2024-05-04 09:34:20.68 TDB,118.1475,2460434.857827074,6.00712279,49.959717,0.0086,0.0086
ganymede,2460441.984291427,A.D. 2024-05-11 11:37:22.78 TDB,2460442.066632967,A.D. 2024-05-11 13:35:57.09 TDB,118.5718,2460442.025462197,6.02591059,50.115970,0.0086,0.0086
ganymede,2460449.151529088,A.D. 2024-05-18 15:38:12.11 TDB,2460449.234168204,A.D. 2024-05-18 17:37:12.13 TDB,119.0003,2460449.192848646,6.03443944,50.186902,0.0086,0.0086
ganymede,2460456.318529767,A.D. 2024-05-25 19:38:40.97 TDB,2460456.401537725,A.D. 2024-05-25 21:38:12.86 TDB,119.5315,2460456.360033746,6.03279782,50.173250,0.0086,0.0086
ganymede,2460463.485449296,A.D. 2024-06-01 23:39:02.82 TDB,2460463.568766048,A.D. 2024-06-02 01:39:01.39 TDB,119.9761,2460463.527107672,6.02107437,50.075749,0.0086,0.0086
ganymede,2460470.652458888,A.D. 2024-06-09 03:39:32.45 TDB,2460470.736159116,A.D. 2024-06-09 05:40:04.15 TDB,120.5283,2460470.694309002,5.99929700,49.894632,0.0086,0.0086
ganymede,2460477.819797661,A.D. 2024-06-16 07:40:30.52 TDB,2460477.903857945,A.D. 2024-06-16 09:41:33.33 TDB,121.0468,2460477.861827803,5.96765790,49.631497,0.0086,0.0086
ganymede,2460484.987278816,A.D. 2024-06-23 11:41:40.89 TDB,2460485.071753823,A.D. 2024-06-23 13:43:19.53 TDB,121.6440,2460485.029516319,5.92649920,49.289191,0.0086,0.0086
ganymede,2460492.154682847,A.D. 2024-06-30 15:42:44.60 TDB,2460492.239608485,A.D. 2024-06-30 17:45:02.17 TDB,122.2929,2460492.197145666,5.87614276,48.870389,0.0086,0.0086
ganymede,2460499.321815762,A.D. 2024-07-07 19:43:24.88 TDB,2460499.407187695,A.D. 2024-07-07 21:46:21.02 TDB,122.9356,2460499.364501729,5.81687782,48.377498,0.0086,0.0086
ganymede,2460506.488713081,A.D. 2024-07-14 23:43:44.81 TDB,2460506.574598874,A.D. 2024-07-15 01:47:25.34 TDB,123.6755,2460506.531655977,5.74917625,47.814441,0.0086,0.0086
ganymede,2460513.655554103,A.D. 2024-07-22 03:43:59.87 TDB,2460513.741894548,A.D. 2024-07-22 05:48:19.69 TDB,124.3302,2460513.698724326,5.67365409,47.186342,0.0086,0.0086
ganymede,2460520.822494011,A.D. 2024-07-29 07:44:23.48 TDB,2460520.909358528,A.D. 2024-07-29 09:49:28.58 TDB,125.0849,2460520.865926269,5.59088991,46.498014,0.0086,0.0086
ganymede,2460527.989742695,A.D. 2024-08-05 11:45:13.77 TDB,2460528.077107905,A.D. 2024-08-05 13:51:02.12 TDB,125.8059,2460528.033425300,5.50147067,45.754336,0.0086,0.0086
ganymede,2460535.157112380,A.D. 2024-08-12 15:46:14.51 TDB,2460535.245024188,A.D. 2024-08-12 17:52:50.09 TDB,126.5930,2460535.201068284,5.40620669,44.962050,0.0086,0.0086
ganymede,2460542.324376244,A.D. 2024-08-19 19:47:06.11 TDB,2460542.412865851,A.D. 2024-08-19 21:54:31.61 TDB,127.4250,2460542.368621048,5.30604975,44.129070,0.0086,0.0086
ganymede,2460549.491341641,A.D. 2024-08-26 23:47:31.92 TDB,2460549.580395901,A.D. 2024-08-27 01:55:46.21 TDB,128.2381,2460549.535868770,5.20193249,43.263153,0.0086,0.0086
ganymede,2460556.658068143,A.D. 2024-09-03 03:47:37.09 TDB,2460556.747749096,A.D. 2024-09-03 05:56:45.52 TDB,129.1406,2460556.702908619,5.09483871,42.372481,0.0086,0.0086
ganymede,2460563.824758733,A.D. 2024-09-10 07:47:39.15 TDB,2460563.915008196,A.D. 2024-09-10 09:57:36.71 TDB,129.9592,2460563.869883465,4.98601237,41.467400,0.0086,0.0086
ganymede,2460570.991552890,A.D. 2024-09-17 11:47:50.17 TDB,2460571.082433823,A.D. 2024-09-17 13:58:42.28 TDB,130.8685,2460571.036993356,4.87681989,40.559274,0.0086,0.0086
ganymede,2460578.158633498,A.D. 2024-09-24 15:48:25.93 TDB,2460578.250121448,A.D. 2024-09-24 18:00:10.49 TDB,131.7426,2460578.204377473,4.76861311,39.659346,0.0086,0.0086
ganymede,2460585.325815053,A.D. 2024-10-01 19:49:10.42 TDB,2460585.417946387,A.D. 2024-10-01 22:01:50.57 TDB,132.6691,2460585.371880719,4.66284451,38.779695,0.0086,0.0086
ganymede,2460592.492865618,A.D. 2024-10-08 23:49:43.59 TDB,2460592.585666420,A.D. 2024-10-09 02:03:21.58 TDB,133.6332,2460592.539266019,4.56121221,37.934445,0.0086,0.0086
ganymede,2460599.659596325,A.D. 2024-10-16 03:49:49.12 TDB,2460599.753045160,A.D. 2024-10-16 06:04:23.10 TDB,134.5663,2460599.706320743,4.46547409,37.138216,0.0086,0.0086
ganymede,2460606.826091929,A.D. 2024-10-23 07:49:34.34 TDB,2460606.920245348,A.D. 2024-10-23 10:05:09.20 TDB,135.5809,2460606.873168639,4.37728399,36.404761,0.0086,0.0086
ganymede,2460613.992578029,A.D. 2024-10-30 11:49:18.74 TDB,2460614.087379999,A.D. 2024-10-30 14:05:49.63 TDB,136.5148,2460614.039979014,4.29834039,35.748207,0.0086,0.0086
ganymede,2460621.159179237,A.D. 2024-11-06 15:49:13.09 TDB,2460621.254686533,A.D. 2024-11-06 18:06:44.92 TDB,137.5305,2460621.206932886,4.23041445,35.183284,0.0086,0.0086
ganymede,2460628.326053481,A.D. 2024-11-13 19:49:31.02 TDB,2460628.422240229,A.D. 2024-11-13 22:08:01.56 TDB,138.5089,2460628.374146855,4.17510841,34.723318,0.0086,0.0086
ganymede,2460635.493017402,A.D. 2024-11-20 23:49:56.70 TDB,2460635.589910630,A.D. 2024-11-21 02:09:28.28 TDB,139.5262,2460635.541464016,4.13369503,34.378893,0.0086,0.0086
ganymede,2460642.659833647,A.D. 2024-11-28 03:50:09.63 TDB,2460642.757454956,A.D. 2024-11-28 06:10:44.11 TDB,140.5747,2460642.708644302,4.10726964,34.159120,0.0086,0.0086
ganymede,2460649.826318046,A.D. 2024-12-05 07:49:53.88 TDB,2460649.924639477,A.D. 2024-12-05 10:11:28.85 TDB,141.5829,2460649.875478762,4.09669507,34.071174,0.0086,0.0086
ganymede,2460656.992578417,A.D. 2024-12-12 11:49:18.78 TDB,2460657.091652575,A.D. 2024-12-12 14:11:58.78 TDB,142.6668,2460657.042115496,4.10234781,34.118186,0.0086,0.0086
ganymede,2460664.158861829,A.D. 2024-12-19 15:48:45.66 TDB,2460664.258636421,A.D. 2024-12-19 18:12:26.19 TDB,143.6754,2460664.208749125,4.12409394,34.299043,0.0086,0.0086
ganymede,2460671.325278453,A.D. 2024-12-26 19:48:24.06 TDB,2460671.425805056,A.D. 2024-12-26 22:13:09.56 TDB,144.7583,2460671.375541754,4.16151212,34.610241,0.0086,0.0086
ganymede,2460678.491963182,A.D. 2025-01-02 23:48:25.62 TDB,2460678.593214619,A.D. 2025-01-03 02:14:13.74 TDB,145.8021,2460678.542588901,4.21386167,35.045619,0.0086,0.0086
ganymede,2460685.658734696,A.D. 2025-01-10 03:48:34.68 TDB,2460685.760729443,A.D. 2025-01-10 06:15:27.02 TDB,146.8724,2460685.709732070,4.27993702,35.595151,0.0086,0.0086
ganymede,2460692.825352218,A.D. 2025-01-17 07:48:30.43 TDB,2460692.928108328,A.D. 2025-01-17 10:16:28.56 TDB,147.9688,2460692.876730273,4.35820988,36.246126,0.0086,0.0086
ganymede,2460699.991636730,A.D. 2025-01-24 11:47:57.41 TDB,2460700.095121202,A.D. 2025-01-24 14:16:58.47 TDB,149.0176,2460700.043378966,4.44711248,36.985507,0.0086,0.0086
ganymede,2460707.157715193,A.D. 2025-01-31 15:47:06.59 TDB,2460707.261977617,A.D. 2025-01-31 18:17:14.87 TDB,150.1379,2460707.209846405,4.54496780,37.799345,0.0086,0.0086
ganymede,2460714.323854657,A.D. 2025-02-07 19:46:21.04 TDB,2460714.428847019,A.D. 2025-02-07 22:17:32.38 TDB,151.1890,2460714.376350838,4.64991690,38.672180,0.0086,0.0086
ganymede,2460721.490149238,A.D. 2025-02-14 23:45:48.89 TDB,2460721.595918678,A.D. 2025-02-15 02:18:07.37 TDB,152.3080,2460721.543033958,4.76009149,39.588474,0.0086,0.0086
ganymede,2460728.656710838,A.D. 2025-02-22 03:45:39.82 TDB,2460728.763228869,A.D. 2025-02-22 06:19:02.97 TDB,153.3860,2460728.709969854,4.87382383,40.534357,0.0086,0.0086
ganymede,2460735.823360309,A.D. 2025-03-01 07:45:38.33 TDB,2460735.930637503,A.D. 2025-03-01 10:20:07.08 TDB,154.4792,2460735.876998906,4.98948899,41.496315,0.0086,0.0086
ganymede,2460742.989856949,A.D. 2025-03-08 11:45:23.64 TDB,2460743.097908410,A.D. 2025-03-08 14:20:59.29 TDB,155.5941,2460743.043882679,5.10542675,42.460539,0.0086,0.0086
ganymede,2460750.156026085,A.D. 2025-03-15 15:44:40.65 TDB,2460750.264814668,A.D. 2025-03-15 18:21:19.99 TDB,156.6556,2460750.210420377,5.22014014,43.414582,0.0086,0.0086
ganymede,2460757.322010370,A.D. 2025-03-22 19:43:41.70 TDB,2460757.431583069,A.D. 2025-03-22 22:21:28.78 TDB,157.7847,2460757.376796720,5.33238443,44.348089,0.0086,0.0086
ganymede,2460764.488095073,A.D. 2025-03-29 23:42:51.41 TDB,2460764.598407853,A.D. 2025-03-30 02:21:42.44 TDB,158.8504,2460764.543251463,5.44099123,45.251344,0.0086,0.0086
ganymede,2460771.654355757,A.D. 2025-04-06 03:42:16.34 TDB,2460771.765451492,A.D. 2025-04-06 06:22:15.01 TDB,159.9779,2460771.709903624,5.54477434,46.114482,0.0086,0.0086
ganymede,2460778.820880218,A.D. 2025-04-13 07:42:04.05 TDB,2460778.932728593,A.D. 2025-04-13 10:23:07.75 TDB,161.0617,2460778.876804406,5.64275275,46.929344,0.0086,0.0086
ganymede,2460785.987490359,A.D. 2025-04-20 11:41:59.17 TDB,2460786.100094317,A.D. 2025-04-20 14:24:08.15 TDB,162.1497,2460786.043792338,5.73415646,47.689525,0.0086,0.0086
ganymede,2460793.153948655,A.D. 2025-04-27 15:41:41.16 TDB,2460793.267320960,A.D. 2025-04-27 18:24:56.53 TDB,163.2561,2460793.210634808,5.81824706,48.388885,0.0086,0.0086
ganymede,2460800.320084081,A.D. 2025-05-04 19:40:55.26 TDB,2460800.434184730,A.D. 2025-05-04 22:25:13.56 TDB,164.3049,2460800.377134405,5.89427656,49.021203,0.0086,0.0086
ganymede,2460807.486053600,A.D. 2025-05-11 23:39:55.03 TDB,2460807.600927901,A.D. 2025-05-12 02:25:20.17 TDB,165.4190,2460807.543490751,5.96169839,49.581934,0.0086,0.0086
ganymede,2460814.652158996,A.D. 2025-05-19 03:39:06.54 TDB,2460814.767766544,A.D. 2025-05-19 06:25:35.03 TDB,166.4749,2460814.709962770,6.02014061,50.067983,0.0086,0.0086
ganymede,2460821.818456425,A.D. 2025-05-26 07:38:34.64 TDB,2460821.934836052,A.D. 2025-05-26 10:26:09.83 TDB,167.5867,2460821.876646239,6.06920882,50.476071,0.0086,0.0086
ganymede,2460828.985008296,A.D. 2025-06-02 11:38:24.72 TDB,2460829.102127654,A.D. 2025-06-02 14:27:03.83 TDB,168.6519,2460829.043567975,6.10849649,50.802816,0.0086,0.0086
ganymede,2460836.151636312,A.D. 2025-06-09 15:38:21.38 TDB,2460836.269491203,A.D. 2025-06-09 18:28:04.04 TDB,169.7110,2460836.210563757,6.13779303,51.046468,0.0086,0.0086
ganymede,2460843.318109504,A.D. 2025-06-16 19:38:04.66 TDB,2460843.436710860,A.D. 2025-06-16 22:28:51.82 TDB,170.7860,2460843.377410182,6.15701518,51.206334,0.0086,0.0086
ganymede,2460850.484260393,A.D. 2025-06-23 23:37:20.10 TDB,2460850.603566226,A.D. 2025-06-24 02:29:08.12 TDB,171.8004,2460850.543913309,6.16604359,51.281421,0.0086,0.0086
ganymede,2460857.650258443,A.D. 2025-07-01 03:36:22.33 TDB,2460857.770312973,A.D. 2025-07-01 06:29:15.04 TDB,172.8785,2460857.710285708,6.16474878,51.270652,0.0086,0.0086
ganymede,2460864.816419668,A.D. 2025-07-08 07:35:38.66 TDB,2460864.937185855,A.D. 2025-07-08 10:29:32.86 TDB,173.9033,2460864.876802761,6.15320986,51.174686,0.0086,0.0086
ganymede,2460871.982781443,A.D. 2025-07-15 11:35:12.32 TDB,2460872.104294768,A.D. 2025-07-15 14:30:11.07 TDB,174.9792,2460872.043538106,6.13159314,50.994905,0.0086,0.0086
ganymede,2460879.149379333,A.D. 2025-07-22 15:35:06.37 TDB,2460879.271605745,A.D. 2025-07-22 18:31:06.74 TDB,176.0060,2460879.210492539,6.10001653,50.732291,0.0086,0.0086
ganymede,2460886.316035168,A.D. 2025-07-29 19:35:05.44 TDB,2460886.438964025,A.D. 2025-07-29 22:32:06.49 TDB,177.0176,2460886.377499597,6.05862059,50.388011,0.0086,0.0086
ganymede,2460893.482528552,A.D. 2025-08-05 23:34:50.47 TDB,2460893.606169421,A.D. 2025-08-06 02:32:53.04 TDB,178.0429,2460893.544348987,6.00776182,49.965031,0.0086,0.0086
ganymede,2460900.648696445,A.D. 2025-08-13 03:34:07.37 TDB,2460900.773006026,A.D. 2025-08-13 06:33:07.72 TDB,179.0058,2460900.710851235,5.94788294,49.467034,0.0086,0.0086
ganymede,2460907.814719592,A.D. 2025-08-20 07:33:11.77 TDB,2460907.939741255,A.D. 2025-08-20 10:33:13.64 TDB,180.0312,2460907.877230424,5.87936713,48.897205,0.0086,0.0086
ganymede,2460914.980926725,A.D. 2025-08-27 11:32:32.07 TDB,2460915.106626002,A.D. 2025-08-27 14:33:32.49 TDB,181.0070,2460915.043776363,5.80267457,48.259373,0.0086,0.0086
ganymede,2460922.147336427,A.D. 2025-09-03 15:32:09.87 TDB,2460922.273745464,A.D. 2025-09-03 18:34:11.61 TDB,182.0290,2460922.210540946,5.71848996,47.559231,0.0086,0.0086
ganymede,2460929.313954953,A.D. 2025-09-10 19:32:05.71 TDB,2460929.441037727,A.D. 2025-09-10 22:35:05.66 TDB,182.9992,2460929.377496339,5.62758596,46.803205,0.0086,0.0086
ganymede,2460936.480605009,A.D. 2025-09-17 23:32:04.27 TDB,2460936.608344798,A.D. 2025-09-18 02:36:00.99 TDB,183.9453,2460936.544474903,5.53070084,45.997436,0.0086,0.0086
ganymede,2460943.647079263,A.D. 2025-09-25 03:31:47.65 TDB,2460943.775484868,A.D. 2025-09-25 06:36:41.89 TDB,184.9041,2460943.711282065,5.42871019,45.149206,0.0086,0.0086
ganymede,2460950.813220327,A.D. 2025-10-02 07:31:02.24 TDB,2460950.942247914,A.D. 2025-10-02 10:36:50.22 TDB,185.7997,2460950.877734121,5.32274006,44.267879,0.0086,0.0086
ganymede,2460957.979221199,A.D. 2025-10-09 11:30:04.71 TDB,2460958.108913127,A.D. 2025-10-09 14:36:50.09 TDB,186.7564,2460958.044067163,5.21398897,43.363424,0.0086,0.0086
ganymede,2460965.145422879,A.D. 2025-10-16 15:29:24.54 TDB,2460965.275745650,A.D. 2025-10-16 18:37:04.42 TDB,187.6648,2460965.210584264,5.10364513,42.445722,0.0086,0.0086
ganymede,2460972.311824020,A.D. 2025-10-23 19:29:01.60 TDB,2460972.442805604,A.D. 2025-10-23 22:37:38.40 TDB,188.6135,2460972.377314812,4.99308338,41.526208,0.0086,0.0086
ganymede,2460979.478399463,A.D. 2025-10-30 23:28:53.71 TDB,2460979.610001113,A.D. 2025-10-31 02:38:24.10 TDB,189.5064,2460979.544200288,4.88392017,40.618325,0.0086,0.0086
ganymede,2460986.644973092,A.D. 2025-11-07 03:28:45.68 TDB,2460986.777171816,A.D. 2025-11-07 06:39:07.64 TDB,190.3662,2460986.711072454,4.77781672,39.735890,0.0086,0.0086
ganymede,2460993.811350947,A.D. 2025-11-14 07:28:20.72 TDB,2460993.944154853,A.D. 2025-11-14 10:39:34.98 TDB,191.2376,2460993.877752900,4.67639652,38.892404,0.0086,0.0086
ganymede,2461000.977382232,A.D. 2025-11-21 11:27:25.82 TDB,2461001.110747739,A.D. 2025-11-21 14:39:28.60 TDB,192.0463,2461001.044064985,4.58145265,38.102780,0.0086,0.0086
ganymede,2461008.143274065,A.D. 2025-11-28 15:26:18.88 TDB,2461008.277243534,A.D. 2025-11-28 18:39:13.84 TDB,192.9160,2461008.210258800,4.49487867,37.382766,0.0086,0.0086
ganymede,2461015.309381200,A.D. 2025-12-05 19:25:30.54 TDB,2461015.443922872,A.D. 2025-12-05 22:39:14.94 TDB,193.7400,2461015.376652036,4.41844952,36.747124,0.0086,0.0086
ganymede,2461022.475684830,A.D. 2025-12-12 23:24:59.17 TDB,2461022.610824406,A.D. 2025-12-13 02:39:35.23 TDB,194.6010,2461022.543254618,4.35374022,36.208953,0.0086,0.0086
ganymede,2461029.642131521,A.D. 2025-12-20 03:24:40.16 TDB,2461029.777829192,A.D. 2025-12-20 06:40:04.44 TDB,195.4046,2461029.709980357,4.30230625,35.781190,0.0086,0.0086
ganymede,2461036.808548736,A.D. 2025-12-27 07:24:18.61 TDB,2461036.944776666,A.D. 2025-12-27 10:40:28.70 TDB,196.1682,2461036.876662701,4.26550999,35.475165,0.0086,0.0086
